[2026-06-24 21:50:53] Build target [build]

[2026-06-24 21:50:53] Entering target [build]

  [ERROR] Manager server source path does not exist. It will not be built

  [ERROR] JDBC source path does not exist. It will not be built
-- ======== CMakeLists.txt
    ==== with_unit_tests() = 
--   OS = UNIX
--   CMAKE_RUNTIME_OUTPUT_DIRECTORY=/home/cubrid/dev/cubrid-workmem/build_x86_64_debug/bin
-- Get version information from VERSION
-- Build CUBRID 11.5.0.2278-6c17fa6 64bit Debug on Linux x86_64
Including Third Party Libraries
-- Build with flex and bison library: SYSTEM
-- Build with expat library: EXTERNAL
-- Build with jansson library: EXTERNAL
-- Build with editline library: EXTERNAL
-- Build with openssl library: EXTERNAL
-- Build with unixODBC library: EXTERNAL
-- Build with RE2 library: EXTERNAL
-- Build with LZ4 library: EXTERNAL
-- Build with TBB library: EXTERNAL
CMake Warning (dev) at /usr/share/cmake/Modules/ExternalProject.cmake:3091 (message):
  The DOWNLOAD_EXTRACT_TIMESTAMP option was not given and policy CMP0135 is
  not set.  The policy's OLD behavior will be used.  When using a URL
  download, the timestamps of extracted files should preferably be that of
  the time of extraction, otherwise code that depends on the extracted
  contents might not be rebuilt if the URL changes.  The OLD behavior
  preserves the timestamps from the archive instead, but this is usually not
  what you want.  Update your project to the NEW behavior or specify the
  DOWNLOAD_EXTRACT_TIMESTAMP option with a value of true to avoid this
  robustness issue.
Call Stack (most recent call first):
  /usr/share/cmake/Modules/ExternalProject.cmake:4208 (_ep_add_download_command)
  3rdparty/CMakeLists.txt:187 (externalproject_add)
This warning is for project developers.  Use -Wno-dev to suppress it.

CMake Warning (dev) at /usr/share/cmake/Modules/ExternalProject.cmake:3091 (message):
  The DOWNLOAD_EXTRACT_TIMESTAMP option was not given and policy CMP0135 is
  not set.  The policy's OLD behavior will be used.  When using a URL
  download, the timestamps of extracted files should preferably be that of
  the time of extraction, otherwise code that depends on the extracted
  contents might not be rebuilt if the URL changes.  The OLD behavior
  preserves the timestamps from the archive instead, but this is usually not
  what you want.  Update your project to the NEW behavior or specify the
  DOWNLOAD_EXTRACT_TIMESTAMP option with a value of true to avoid this
  robustness issue.
Call Stack (most recent call first):
  /usr/share/cmake/Modules/ExternalProject.cmake:4208 (_ep_add_download_command)
  3rdparty/CMakeLists.txt:239 (externalproject_add)
This warning is for project developers.  Use -Wno-dev to suppress it.

CMake Warning (dev) at /usr/share/cmake/Modules/ExternalProject.cmake:3091 (message):
  The DOWNLOAD_EXTRACT_TIMESTAMP option was not given and policy CMP0135 is
  not set.  The policy's OLD behavior will be used.  When using a URL
  download, the timestamps of extracted files should preferably be that of
  the time of extraction, otherwise code that depends on the extracted
  contents might not be rebuilt if the URL changes.  The OLD behavior
  preserves the timestamps from the archive instead, but this is usually not
  what you want.  Update your project to the NEW behavior or specify the
  DOWNLOAD_EXTRACT_TIMESTAMP option with a value of true to avoid this
  robustness issue.
Call Stack (most recent call first):
  /usr/share/cmake/Modules/ExternalProject.cmake:4208 (_ep_add_download_command)
  3rdparty/CMakeLists.txt:289 (externalproject_add)
This warning is for project developers.  Use -Wno-dev to suppress it.

CMake Warning (dev) at /usr/share/cmake/Modules/ExternalProject.cmake:3091 (message):
  The DOWNLOAD_EXTRACT_TIMESTAMP option was not given and policy CMP0135 is
  not set.  The policy's OLD behavior will be used.  When using a URL
  download, the timestamps of extracted files should preferably be that of
  the time of extraction, otherwise code that depends on the extracted
  contents might not be rebuilt if the URL changes.  The OLD behavior
  preserves the timestamps from the archive instead, but this is usually not
  what you want.  Update your project to the NEW behavior or specify the
  DOWNLOAD_EXTRACT_TIMESTAMP option with a value of true to avoid this
  robustness issue.
Call Stack (most recent call first):
  /usr/share/cmake/Modules/ExternalProject.cmake:4208 (_ep_add_download_command)
  3rdparty/CMakeLists.txt:332 (externalproject_add)
This warning is for project developers.  Use -Wno-dev to suppress it.

CMake Warning (dev) at /usr/share/cmake/Modules/ExternalProject.cmake:3091 (message):
  The DOWNLOAD_EXTRACT_TIMESTAMP option was not given and policy CMP0135 is
  not set.  The policy's OLD behavior will be used.  When using a URL
  download, the timestamps of extracted files should preferably be that of
  the time of extraction, otherwise code that depends on the extracted
  contents might not be rebuilt if the URL changes.  The OLD behavior
  preserves the timestamps from the archive instead, but this is usually not
  what you want.  Update your project to the NEW behavior or specify the
  DOWNLOAD_EXTRACT_TIMESTAMP option with a value of true to avoid this
  robustness issue.
Call Stack (most recent call first):
  /usr/share/cmake/Modules/ExternalProject.cmake:4208 (_ep_add_download_command)
  3rdparty/CMakeLists.txt:368 (externalproject_add)
This warning is for project developers.  Use -Wno-dev to suppress it.

CMake Warning (dev) at /usr/share/cmake/Modules/ExternalProject.cmake:3091 (message):
  The DOWNLOAD_EXTRACT_TIMESTAMP option was not given and policy CMP0135 is
  not set.  The policy's OLD behavior will be used.  When using a URL
  download, the timestamps of extracted files should preferably be that of
  the time of extraction, otherwise code that depends on the extracted
  contents might not be rebuilt if the URL changes.  The OLD behavior
  preserves the timestamps from the archive instead, but this is usually not
  what you want.  Update your project to the NEW behavior or specify the
  DOWNLOAD_EXTRACT_TIMESTAMP option with a value of true to avoid this
  robustness issue.
Call Stack (most recent call first):
  /usr/share/cmake/Modules/ExternalProject.cmake:4208 (_ep_add_download_command)
  3rdparty/CMakeLists.txt:411 (externalproject_add)
This warning is for project developers.  Use -Wno-dev to suppress it.

CMake Warning (dev) at /usr/share/cmake/Modules/ExternalProject.cmake:3091 (message):
  The DOWNLOAD_EXTRACT_TIMESTAMP option was not given and policy CMP0135 is
  not set.  The policy's OLD behavior will be used.  When using a URL
  download, the timestamps of extracted files should preferably be that of
  the time of extraction, otherwise code that depends on the extracted
  contents might not be rebuilt if the URL changes.  The OLD behavior
  preserves the timestamps from the archive instead, but this is usually not
  what you want.  Update your project to the NEW behavior or specify the
  DOWNLOAD_EXTRACT_TIMESTAMP option with a value of true to avoid this
  robustness issue.
Call Stack (most recent call first):
  /usr/share/cmake/Modules/ExternalProject.cmake:4208 (_ep_add_download_command)
  3rdparty/CMakeLists.txt:437 (externalproject_add)
This warning is for project developers.  Use -Wno-dev to suppress it.

CMake Warning (dev) at /usr/share/cmake/Modules/ExternalProject.cmake:3091 (message):
  The DOWNLOAD_EXTRACT_TIMESTAMP option was not given and policy CMP0135 is
  not set.  The policy's OLD behavior will be used.  When using a URL
  download, the timestamps of extracted files should preferably be that of
  the time of extraction, otherwise code that depends on the extracted
  contents might not be rebuilt if the URL changes.  The OLD behavior
  preserves the timestamps from the archive instead, but this is usually not
  what you want.  Update your project to the NEW behavior or specify the
  DOWNLOAD_EXTRACT_TIMESTAMP option with a value of true to avoid this
  robustness issue.
Call Stack (most recent call first):
  /usr/share/cmake/Modules/ExternalProject.cmake:4208 (_ep_add_download_command)
  3rdparty/CMakeLists.txt:466 (externalproject_add)
This warning is for project developers.  Use -Wno-dev to suppress it.

CMake Warning (dev) at /usr/share/cmake/Modules/ExternalProject.cmake:3091 (message):
  The DOWNLOAD_EXTRACT_TIMESTAMP option was not given and policy CMP0135 is
  not set.  The policy's OLD behavior will be used.  When using a URL
  download, the timestamps of extracted files should preferably be that of
  the time of extraction, otherwise code that depends on the extracted
  contents might not be rebuilt if the URL changes.  The OLD behavior
  preserves the timestamps from the archive instead, but this is usually not
  what you want.  Update your project to the NEW behavior or specify the
  DOWNLOAD_EXTRACT_TIMESTAMP option with a value of true to avoid this
  robustness issue.
Call Stack (most recent call first):
  /usr/share/cmake/Modules/ExternalProject.cmake:4208 (_ep_add_download_command)
  3rdparty/CMakeLists.txt:505 (externalproject_add)
This warning is for project developers.  Use -Wno-dev to suppress it.

-- Default install prefix: /home/cubrid/dev/cubrid-workmem/build_x86_64_debug/_install/CUBRID
-- JAVA_HOME: /home/cubrid/dev/cubrid-workmem/build_x86_64_debug/vm/jdk8
-- Found Java: /usr/lib/jvm/java-1.8.0-openjdk/bin/java
-- Found JNI: /usr/lib/jvm/java/include;/usr/lib/jvm/java/include/linux;/usr/lib/jvm/java/include
-- ======== WITH_CCI ==========
-- Get version information from /home/cubrid/dev/cubrid-workmem/cubrid-cci/BUILD_NUMBER
-- CCI_BUILD_NUMBER:[11.2.0.0037-ef5470f]
-- Building CGW libraries.
CMake Warning (dev) at cm_common/CMakeLists.txt:104 (install):
  Target cmstat has PUBLIC_HEADER files but no PUBLIC_HEADER DESTINATION.
This warning is for project developers.  Use -Wno-dev to suppress it.

CMake Warning (dev) at cm_common/CMakeLists.txt:104 (install):
  Target cmdep has PUBLIC_HEADER files but no PUBLIC_HEADER DESTINATION.
This warning is for project developers.  Use -Wno-dev to suppress it.

-- .. timezone shared library
-- .... gen_timezone executable
-- ...... source files: /home/cubrid/dev/cubrid-workmem/src/executables/generate_timezone.cpp
-- .... generate timezone command
-- .... cubrid_timezones lib
-- Get version information CCI_VERSION: 11.2.0.0037-ef5470f
-- Configuring done (0.4s)
-- Generating done (0.1s)
-- Build files have been written to: /home/cubrid/dev/cubrid-workmem/build_x86_64_debug
[1/1191] Running utility command for pl_install_jdk
[INFO] Install JDK 8
[2/1191] Building CXX object sa/CMakeFiles/cubridsa.dir/__/src/compat/cnv.c.o
[3/1191] Building CXX object sa/CMakeFiles/cubridsa.dir/__/src/executables/extract_schema.cpp.o
[4/1191] Building CXX object sa/CMakeFiles/cubridsa.dir/__/src/executables/csql_result.c.o
[5/1191] Building CXX object sa/CMakeFiles/cubridsa.dir/__/src/executables/util_common.c.o
[6/1191] Building CXX object sa/CMakeFiles/cubridsa.dir/__/src/executables/file_hash.c.o
[7/1191] Building CXX object sa/CMakeFiles/cubridsa.dir/__/src/compat/db_json_allocator.cpp.o
[8/1191] Building CXX object sa/CMakeFiles/cubridsa.dir/__/src/base/bit.c.o
[9/1191] Building CXX object sa/CMakeFiles/cubridsa.dir/__/src/compat/db_elo.c.o
[10/1191] Building C object sa/CMakeFiles/cubridsa.dir/__/src/compat/dbtype_function.c.o
[11/1191] Building CXX object sa/CMakeFiles/cubridsa.dir/__/src/executables/csql_support.c.o
[12/1191] Building CXX object sa/CMakeFiles/cubridsa.dir/__/src/base/porting.c.o
[13/1191] Building CXX object sa/CMakeFiles/cubridsa.dir/__/src/base/ddl_log.c.o
[14/1191] Building CXX object sa/CMakeFiles/cubridsa.dir/__/src/compat/db_set.c.o
[15/1191] Building CXX object sa/CMakeFiles/cubridsa.dir/__/src/compat/db_macro.c.o
[16/1191] Building CXX object sa/CMakeFiles/cubridsa.dir/__/src/base/base64.c.o
[17/1191] Building CXX object sa/CMakeFiles/cubridsa.dir/__/src/executables/csql_result_format.c.o
[18/1191] Building CXX object sa/CMakeFiles/cubridsa.dir/__/src/compat/db_obj.c.o
[19/1191] Building CXX object sa/CMakeFiles/cubridsa.dir/__/src/object/virtual_object.c.o
[20/1191] Building CXX object sa/CMakeFiles/cubridsa.dir/__/src/compat/db_date.c.o
[21/1191] Running utility command for pl_build
> Task :pl_server:generateGrammarSource UP-TO-DATE
> Task :pl_server:compileJava UP-TO-DATE
> Task :pl_server:processResources UP-TO-DATE
> Task :pl_server:classes UP-TO-DATE
> Task :pl_server:jar UP-TO-DATE
> Task :pl_server:startScripts UP-TO-DATE
> Task :pl_server:distTar UP-TO-DATE
> Task :pl_server:distZip UP-TO-DATE
> Task :pl_server:assemble UP-TO-DATE
> Task :pl_server:check
> Task :pl_server:build

BUILD SUCCESSFUL in 1s
7 actionable tasks: 7 up-to-date
[22/1191] Building CXX object sa/CMakeFiles/cubridsa.dir/__/src/compat/db_class.c.o
[23/1191] Building CXX object sa/CMakeFiles/cubridsa.dir/__/src/executables/unload_object_file.c.o
[24/1191] Building CXX object sa/CMakeFiles/cubridsa.dir/__/src/compat/db_info.c.o
[25/1191] Building CXX object sa/CMakeFiles/cubridsa.dir/__/src/executables/unloaddb.c.o
[26/1191] Building CXX object sa/CMakeFiles/cubridsa.dir/__/src/base/sha1.c.o
[27/1191] Building CXX object sa/CMakeFiles/cubridsa.dir/__/src/executables/compactdb_common.c.o
[28/1191] Building CXX object sa/CMakeFiles/cubridsa.dir/__/src/compat/db_method_static.cpp.o
[29/1191] Building CXX object sa/CMakeFiles/cubridsa.dir/__/src/base/encryption.c.o
[30/1191] Building CXX object sa/CMakeFiles/cubridsa.dir/__/src/base/fixed_alloc.c.o
[31/1191] Building CXX object sa/CMakeFiles/cubridsa.dir/__/src/base/unicode_support.c.o
[32/1191] Building CXX object sa/CMakeFiles/cubridsa.dir/__/src/base/get_clock_freq.c.o
[33/1191] Building CXX object sa/CMakeFiles/cubridsa.dir/__/src/base/mem_block.cpp.o
[34/1191] Building CXX object sa/CMakeFiles/cubridsa.dir/__/src/base/xml_parser.c.o
[35/1191] Building CXX object sa/CMakeFiles/cubridsa.dir/__/src/compat/db_value_printer.cpp.o
[36/1191] Building CXX object sa/CMakeFiles/cubridsa.dir/__/src/executables/util_sa.c.o
[37/1191] Building CXX object sa/CMakeFiles/cubridsa.dir/__/src/base/filesys_temp.cpp.o
[38/1191] Building CXX object sa/CMakeFiles/cubridsa.dir/__/src/executables/util_cs.c.o
[39/1191] Building CXX object sa/CMakeFiles/cubridsa.dir/__/src/base/databases_file.c.o
[40/1191] Building CXX object sa/CMakeFiles/cubridsa.dir/__/src/base/uca_support.c.o
[41/1191] Building CXX object sa/CMakeFiles/cubridsa.dir/__/src/executables/csql_session.c.o
[42/1191] Building CXX object sa/CMakeFiles/cubridsa.dir/__/src/compat/db_json_path.cpp.o
[43/1191] Building CXX object sa/CMakeFiles/cubridsa.dir/__/src/base/memory_private_allocator.cpp.o
[44/1191] Building CXX object sa/CMakeFiles/cubridsa.dir/__/src/base/hide_password.cpp.o
[45/1191] Building CXX object sa/CMakeFiles/cubridsa.dir/__/src/compat/db_old.c.o
[46/1191] Building CXX object sa/CMakeFiles/cubridsa.dir/__/src/base/error_context.cpp.o
[47/1191] Building CXX object sa/CMakeFiles/cubridsa.dir/__/src/base/release_string.c.o
[48/1191] Building CXX object sa/CMakeFiles/cubridsa.dir/__/src/base/process_util.c.o
[49/1191] Building CXX object sa/CMakeFiles/cubridsa.dir/__/src/executables/csql.c.o
[50/1191] Building CXX object sa/CMakeFiles/cubridsa.dir/__/src/executables/compactdb.c.o
[51/1191] Building CXX object sa/CMakeFiles/cubridsa.dir/__/src/base/ini_parser.c.o
[52/1191] Building CXX object sa/CMakeFiles/cubridsa.dir/__/src/base/chartype.c.o
[53/1191] Building CXX object sa/CMakeFiles/cubridsa.dir/__/src/compat/db_admin.c.o
[54/1191] Building CXX object sa/CMakeFiles/cubridsa.dir/__/src/base/cubrid_getopt_long.c.o
[55/1191] Building CXX object sa/CMakeFiles/cubridsa.dir/__/src/base/mprec.c.o
[56/1191] Building CXX object sa/CMakeFiles/cubridsa.dir/__/src/base/dtoa.c.o
[57/1191] Building CXX object sa/CMakeFiles/cubridsa.dir/__/src/base/message_catalog.c.o
[58/1191] Building CXX object sa/CMakeFiles/cubridsa.dir/__/src/compat/db_virt.c.o
[59/1191] Building CXX object sa/CMakeFiles/cubridsa.dir/__/src/base/misc_string.c.o
[60/1191] Building CXX object sa/CMakeFiles/cubridsa.dir/__/src/executables/unload_schema.c.o
[61/1191] Building CXX object sa/CMakeFiles/cubridsa.dir/__/src/base/error_manager.c.o
[62/1191] Building CXX object sa/CMakeFiles/cubridsa.dir/__/src/base/environment_variable.c.o
[63/1191] Building CXX object sa/CMakeFiles/cubridsa.dir/__/src/base/variable_string.c.o
[64/1191] Building CXX object sa/CMakeFiles/cubridsa.dir/__/src/compat/db_query.c.o
[65/1191] Building CXX object sa/CMakeFiles/cubridsa.dir/__/src/base/area_alloc.c.o
[66/1191] Building CXX object sa/CMakeFiles/cubridsa.dir/__/src/base/perf.cpp.o
[67/1191] Building CXX object sa/CMakeFiles/cubridsa.dir/__/src/compat/db_temp.c.o
[68/1191] Building CXX object sa/CMakeFiles/cubridsa.dir/__/src/base/packer.cpp.o
[69/1191] Building CXX object sa/CMakeFiles/cubridsa.dir/__/src/base/tsc_timer.c.o
[70/1191] Building CXX object sa/CMakeFiles/cubridsa.dir/__/src/base/util_func.c.o
[71/1191] Building CXX object sa/CMakeFiles/cubridsa.dir/__/src/base/printer.cpp.o
[72/1191] Building CXX object sa/CMakeFiles/cubridsa.dir/__/src/base/intl_support.c.o
[73/1191] Building CXX object sa/CMakeFiles/cubridsa.dir/__/src/base/perf_monitor_trackers.cpp.o
[74/1191] Building CXX object sa/CMakeFiles/cubridsa.dir/__/src/base/locale_support.c.o
[75/1191] Building CXX object sa/CMakeFiles/cubridsa.dir/__/src/base/string_buffer.cpp.o
[76/1191] Building CXX object sa/CMakeFiles/cubridsa.dir/__/src/base/fileline_location.cpp.o
[77/1191] Building CXX object sa/CMakeFiles/cubridsa.dir/__/src/base/pinnable_buffer.cpp.o
[78/1191] Building CXX object sa/CMakeFiles/cubridsa.dir/__/src/executables/unload_object.c.o
[79/1191] Building CXX object sa/CMakeFiles/cubridsa.dir/__/src/base/binaryheap.c.o
[80/1191] Building CXX object sa/CMakeFiles/cubridsa.dir/__/src/base/resource_tracker.cpp.o
[81/1191] Building CXX object sa/CMakeFiles/cubridsa.dir/__/src/base/memory_alloc.c.o
[82/1191] Building CXX object sa/CMakeFiles/cubridsa.dir/__/src/compat/db_vdb.c.o
[83/1191] Building CXX object sa/CMakeFiles/cubridsa.dir/__/src/base/stack_dump.c.o
[84/1191] Building CXX object sa/CMakeFiles/cubridsa.dir/__/src/base/lockfree_bitmap.cpp.o
[85/1191] Building CXX object sa/CMakeFiles/cubridsa.dir/__/src/base/locale_helper.cpp.o
[86/1191] Building CXX object sa/CMakeFiles/cubridsa.dir/__/src/base/memory_hash.c.o
[87/1191] Building CXX object sa/CMakeFiles/cubridsa.dir/__/src/base/lock_free.c.o
[88/1191] Building CXX object sa/CMakeFiles/cubridsa.dir/__/src/base/fault_injection.c.o
[89/1191] Building CXX object sa/CMakeFiles/cubridsa.dir/__/src/connection/connection_less.cpp.o
[90/1191] Building CXX object sa/CMakeFiles/cubridsa.dir/__/src/heaplayers/lea_heap.c.o
[91/1191] Building CXX object sa/CMakeFiles/cubridsa.dir/__/src/sp/pl_file.c.o
[92/1191] Building CXX object sa/CMakeFiles/cubridsa.dir/__/src/base/filesys_parser.cpp.o
[93/1191] Building CXX object sa/CMakeFiles/cubridsa.dir/__/src/heaplayers/customheaps.cpp.o
[94/1191] Building CXX object sa/CMakeFiles/cubridsa.dir/__/src/base/language_support.c.o
[95/1191] Building CXX object sa/CMakeFiles/cubridsa.dir/__/src/base/dynamic_load.c.o
[96/1191] Building CXX object sa/CMakeFiles/cubridsa.dir/__/src/base/lockfree_hashmap.cpp.o
[97/1191] Building CXX object sa/CMakeFiles/cubridsa.dir/__/src/communication/network_histogram.cpp.o
[98/1191] Building CXX object sa/CMakeFiles/cubridsa.dir/__/src/connection/connection_list_cl.cpp.o
[99/1191] Building CXX object sa/CMakeFiles/cubridsa.dir/__/src/connection/connection_globals.c.o
[100/1191] Building CXX object sa/CMakeFiles/cubridsa.dir/__/src/connection/host_lookup.c.o
[101/1191] Building CXX object sa/CMakeFiles/cubridsa.dir/__/src/connection/tcp.c.o
[102/1191] Building CXX object sa/CMakeFiles/cubridsa.dir/__/src/base/cgroup.cpp.o
[103/1191] Building CXX object sa/CMakeFiles/cubridsa.dir/__/src/base/resources.cpp.o
[104/1191] Building CXX object sa/CMakeFiles/cubridsa.dir/__/src/communication/network_callback_sr.cpp.o
[105/1191] Building CXX object sa/CMakeFiles/cubridsa.dir/__/src/connection/connection_cl.cpp.o
[106/1191] Building CXX object sa/CMakeFiles/cubridsa.dir/__/src/communication/network_callback_cl.cpp.o
[107/1191] Building CXX object sa/CMakeFiles/cubridsa.dir/__/src/sp/pl_signature.cpp.o
[108/1191] Building CXX object sa/CMakeFiles/cubridsa.dir/__/src/connection/connection_support.cpp.o
[109/1191] Building CXX object sa/CMakeFiles/cubridsa.dir/__/src/sp/pl_compile_handler.cpp.o
[110/1191] Building CXX object sa/CMakeFiles/cubridsa.dir/__/src/sp/pl_comm.c.o
[111/1191] Building CXX object sa/CMakeFiles/cubridsa.dir/__/src/method/method_struct_oid_info.cpp.o
[112/1191] Building CXX object sa/CMakeFiles/cubridsa.dir/__/src/base/perf_monitor.c.o
[113/1191] Building CXX object sa/CMakeFiles/cubridsa.dir/__/src/base/object_representation_sr.c.o
[114/1191] Building CXX object sa/CMakeFiles/cubridsa.dir/__/src/sp/pl_connection.cpp.o
[115/1191] Building CXX object sa/CMakeFiles/cubridsa.dir/__/src/base/tz_compile.c.o
[116/1191] Building CXX object sa/CMakeFiles/cubridsa.dir/__/src/sp/method_invoke_group.cpp.o
[117/1191] Building CXX object sa/CMakeFiles/cubridsa.dir/__/src/sp/pl_sr.cpp.o
[118/1191] Building CXX object sa/CMakeFiles/cubridsa.dir/__/src/base/system_parameter.c.o
[119/1191] Building CXX object sa/CMakeFiles/cubridsa.dir/__/src/optimizer/histogram/histogram_cl.cpp.o
[120/1191] Building CXX object sa/CMakeFiles/cubridsa.dir/__/src/compat/db_json.cpp.o
[121/1191] Building CXX object sa/CMakeFiles/cubridsa.dir/__/src/method/method_error.cpp.o
[122/1191] Building CXX object sa/CMakeFiles/cubridsa.dir/__/src/connection/client_support.cpp.o
[123/1191] Building CXX object sa/CMakeFiles/cubridsa.dir/__/src/method/method_struct_invoke.cpp.o
[124/1191] Building CXX object sa/CMakeFiles/cubridsa.dir/__/src/sp/pl_struct_compile.cpp.o
[125/1191] Building CXX object sa/CMakeFiles/cubridsa.dir/__/src/method/method_struct_parameter_info.cpp.o
[126/1191] Building CXX object sa/CMakeFiles/cubridsa.dir/__/src/base/tz_support.c.o
[127/1191] Building CXX object sa/CMakeFiles/cubridsa.dir/__/src/parser/method_transform.c.o
[128/1191] Building CXX object sa/CMakeFiles/cubridsa.dir/__/src/method/method_struct_query.cpp.o
[129/1191] Building CXX object sa/CMakeFiles/cubridsa.dir/__/src/sp/jsp_cl.cpp.o
[130/1191] Building CXX object sa/CMakeFiles/cubridsa.dir/__/src/sp/pl_query_cursor.cpp.o
[131/1191] Building CXX object sa/CMakeFiles/cubridsa.dir/__/src/loaddb/load_sa_loader.cpp.o
[132/1191] Building CXX object sa/CMakeFiles/cubridsa.dir/__/src/communication/network_interface_cl.c.o
[133/1191] Building CXX object sa/CMakeFiles/cubridsa.dir/__/src/method/method_query_util.cpp.o
[134/1191] Building CXX object sa/CMakeFiles/cubridsa.dir/__/src/method/method_oid_handler.cpp.o
[135/1191] Building CXX object sa/CMakeFiles/cubridsa.dir/__/src/object/object_print_util.cpp.o
[136/1191] Building CXX object sa/CMakeFiles/cubridsa.dir/__/src/method/method_query_handler.cpp.o
[137/1191] Building CXX object sa/CMakeFiles/cubridsa.dir/__/src/monitor/monitor_transaction.cpp.o
[138/1191] Building CXX object sa/CMakeFiles/cubridsa.dir/__/src/method/method_scan.cpp.o
[139/1191] Building CXX object sa/CMakeFiles/cubridsa.dir/__/src/query/parallel/px_query_execute/px_query_checker.cpp.o
[140/1191] Building CXX object sa/CMakeFiles/cubridsa.dir/__/src/method/method_struct_value.cpp.o
[141/1191] Building CXX object sa/CMakeFiles/cubridsa.dir/__/src/query/parallel/px_scan/px_scan_checker.cpp.o
[142/1191] Building CXX object sa/CMakeFiles/cubridsa.dir/__/src/sp/pl_execution_stack_context.cpp.o
[143/1191] Building CXX object sa/CMakeFiles/cubridsa.dir/__/src/object/elo.c.o
[144/1191] Building CXX object sa/CMakeFiles/cubridsa.dir/__/src/sp/sp_code.cpp.o
[145/1191] Building CXX object sa/CMakeFiles/cubridsa.dir/__/src/object/lob_locator.cpp.o
[146/1191] Building CXX object sa/CMakeFiles/cubridsa.dir/__/src/sp/pl_executor.cpp.o
[147/1191] Building CXX object sa/CMakeFiles/cubridsa.dir/__/src/object/identifier_store.cpp.o
[148/1191] Building CXX object sa/CMakeFiles/cubridsa.dir/__/src/object/authenticate.c.o
[149/1191] Building CXX object sa/CMakeFiles/cubridsa.dir/__/src/object/authenticate_owner.cpp.o
[150/1191] Building CXX object sa/CMakeFiles/cubridsa.dir/__/src/object/quick_fit.c.o
[151/1191] Building CXX object sa/CMakeFiles/cubridsa.dir/__/src/object/authenticate_access_auth.cpp.o
[152/1191] Building CXX object sa/CMakeFiles/cubridsa.dir/__/src/object/authenticate_access_class.cpp.o
[153/1191] Building CXX object sa/CMakeFiles/cubridsa.dir/__/src/object/authenticate_migration.cpp.o
[154/1191] Building CXX object sa/CMakeFiles/cubridsa.dir/__/src/object/authenticate_context.cpp.o
[155/1191] Building CXX object sa/CMakeFiles/cubridsa.dir/__/src/object/authenticate_cache.cpp.o
[156/1191] Building CXX object sa/CMakeFiles/cubridsa.dir/__/src/object/authenticate_password.cpp.o
[157/1191] Building CXX object sa/CMakeFiles/cubridsa.dir/__/src/sp/pl_session.cpp.o
[158/1191] Building CXX object sa/CMakeFiles/cubridsa.dir/__/src/object/object_printer.cpp.o
[159/1191] Building CXX object sa/CMakeFiles/cubridsa.dir/__/src/object/class_description.cpp.o
[160/1191] Building CXX object sa/CMakeFiles/cubridsa.dir/__/src/method/method_callback.cpp.o
[161/1191] Building CXX object sa/CMakeFiles/cubridsa.dir/__/src/object/authenticate_grant.cpp.o
[162/1191] Building CXX object sa/CMakeFiles/cubridsa.dir/__/src/object/deduplicate_key.c.o
[163/1191] Building CXX object sa/CMakeFiles/cubridsa.dir/__/src/object/authenticate_access_user.cpp.o
[164/1191] Building CXX object sa/CMakeFiles/cubridsa.dir/__/src/method/query_method.cpp.o
[165/1191] Building CXX object sa/CMakeFiles/cubridsa.dir/__/src/object/object_description.cpp.o
[166/1191] Building CXX object sa/CMakeFiles/cubridsa.dir/__/src/optimizer/query_bitset.c.o
[167/1191] Building CXX object sa/CMakeFiles/cubridsa.dir/__/src/object/schema_information_schema.cpp.o
[168/1191] Building CXX object sa/CMakeFiles/cubridsa.dir/__/src/object/object_accessor.c.o
[169/1191] Building CXX object sa/CMakeFiles/cubridsa.dir/__/src/object/class_object.c.o
[170/1191] Building CXX object sa/CMakeFiles/cubridsa.dir/__/src/object/schema_system_catalog_install_query_spec.cpp.o
[171/1191] Building CXX object sa/CMakeFiles/cubridsa.dir/__/src/object/object_representation.c.o
[172/1191] Building CXX object sa/CMakeFiles/cubridsa.dir/__/src/object/object_print.c.o
[173/1191] Building CXX object sa/CMakeFiles/cubridsa.dir/__/src/object/object_template.c.o
[174/1191] Building CXX object sa/CMakeFiles/cubridsa.dir/__/src/object/schema_system_catalog.cpp.o
[175/1191] Building CXX object sa/CMakeFiles/cubridsa.dir/__/src/object/transform.c.o
[176/1191] Building CXX object sa/CMakeFiles/cubridsa.dir/__/src/object/schema_template.c.o
[177/1191] Building CXX object sa/CMakeFiles/cubridsa.dir/__/src/object/schema_system_catalog_definition.cpp.o
[178/1191] Building CXX object cubrid/CMakeFiles/cubrid.dir/__/src/method/method_error.cpp.o
[179/1191] Building CXX object sa/CMakeFiles/cubridsa.dir/__/src/object/schema_information_schema_definition.cpp.o
[180/1191] Building CXX object sa/CMakeFiles/cubridsa.dir/__/src/object/schema_information_schema_install_query_spec.cpp.o
[181/1191] Building CXX object sa/CMakeFiles/cubridsa.dir/__/src/object/object_domain.c.o
[182/1191] Building CXX object sa/CMakeFiles/cubridsa.dir/__/src/object/schema_class_truncator.cpp.o
[183/1191] Building CXX object cubrid/CMakeFiles/cubrid.dir/__/src/method/method_query_util.cpp.o
[184/1191] Building CXX object sa/CMakeFiles/cubridsa.dir/__/src/object/schema_system_catalog_builder.cpp.o
[185/1191] Building CXX object sa/CMakeFiles/cubridsa.dir/__/src/object/transform_cl.c.o
[186/1191] Building CXX object sa/CMakeFiles/cubridsa.dir/__/src/object/trigger_manager.c.o
[187/1191] Building CXX object sa/CMakeFiles/cubridsa.dir/__/src/object/trigger_description.cpp.o
[188/1191] Building CXX object sa/CMakeFiles/cubridsa.dir/__/src/object/set_object.c.o
[189/1191] Building CXX object sa/CMakeFiles/cubridsa.dir/__/src/object/schema_information_schema_builder.cpp.o
[190/1191] Building CXX object sa/CMakeFiles/cubridsa.dir/__/src/optimizer/rewriter/query_rewrite_subquery.c.o
[191/1191] Building CXX object sa/CMakeFiles/cubridsa.dir/__/src/object/schema_manager.c.o
[192/1191] Building CXX object sa/CMakeFiles/cubridsa.dir/__/src/optimizer/rewriter/query_rewrite_auto_parameterize.c.o
[193/1191] Building CXX object sa/CMakeFiles/cubridsa.dir/__/src/object/object_primitive.c.o
[194/1191] Building CXX object sa/CMakeFiles/cubridsa.dir/__/src/sp/sp_catalog.cpp.o
[195/1191] Building CXX object cubrid/CMakeFiles/cubrid.dir/__/src/method/method_struct_invoke.cpp.o
[196/1191] Building CXX object sa/CMakeFiles/cubridsa.dir/__/src/query/crypt_opfunc.c.o
[197/1191] Building CXX object sa/CMakeFiles/cubridsa.dir/__/src/object/schema_information_schema_install.cpp.o
[198/1191] Building CXX object sa/CMakeFiles/cubridsa.dir/__/src/object/work_space.c.o
[199/1191] Building CXX object sa/CMakeFiles/cubridsa.dir/__/src/optimizer/rewriter/query_rewrite_term.c.o
[200/1191] Building CXX object sa/CMakeFiles/cubridsa.dir/__/src/optimizer/rewriter/query_rewrite.c.o
[201/1191] Building CXX object sa/CMakeFiles/cubridsa.dir/__/src/optimizer/rewriter/query_rewrite_select.c.o
[202/1191] Building CXX object cubrid/CMakeFiles/cubrid.dir/__/src/sp/sp_code.cpp.o
[203/1191] Building CXX object sa/CMakeFiles/cubridsa.dir/__/src/object/schema_system_catalog_install.cpp.o
[204/1191] Building CXX object sa/CMakeFiles/cubridsa.dir/__/src/optimizer/rewriter/query_rewrite_set.c.o
[205/1191] Building CXX object sa/CMakeFiles/cubridsa.dir/__/src/query/numeric_opfunc.c.o
[206/1191] Building CXX object sa/CMakeFiles/cubridsa.dir/__/src/query/cursor.c.o
[207/1191] Building CXX object sa/CMakeFiles/cubridsa.dir/__/src/optimizer/query_graph.c.o
[208/1191] Building CXX object sa/CMakeFiles/cubridsa.dir/__/src/optimizer/plan_generation.c.o
[209/1191] Building CXX object sa/CMakeFiles/cubridsa.dir/__/src/query/dblink_2pc.c.o
[210/1191] Building CXX object sa/CMakeFiles/cubridsa.dir/__/src/query/arithmetic.c.o
[211/1191] Building CXX object sa/CMakeFiles/cubridsa.dir/__/src/query/partition.c.o
[212/1191] Building CXX object sa/CMakeFiles/cubridsa.dir/__/src/query/list_file.c.o
[213/1191] Building CXX object sa/CMakeFiles/cubridsa.dir/__/src/optimizer/query_planner.c.o
[214/1191] Building CXX object sa/CMakeFiles/cubridsa.dir/__/src/query/query_hash_join.c.o
[215/1191] Building CXX object sa/CMakeFiles/cubridsa.dir/__/src/query/query_analytic.cpp.o
[216/1191] Building CXX object sa/CMakeFiles/cubridsa.dir/__/src/query/fetch.c.o
[217/1191] Building CXX object sa/CMakeFiles/cubridsa.dir/__/src/query/query_manager.c.o
[218/1191] Building CXX object sa/CMakeFiles/cubridsa.dir/__/src/query/dblink_scan.c.o
[219/1191] Building CXX object sa/CMakeFiles/cubridsa.dir/__/src/query/query_hash_scan.c.o
[220/1191] Building CXX object sa/CMakeFiles/cubridsa.dir/__/src/query/query_aggregate.cpp.o
[221/1191] Building CXX object sa/CMakeFiles/cubridsa.dir/__/src/query/query_cl.c.o
[222/1191] Building CXX object sa/CMakeFiles/cubridsa.dir/__/src/query/filter_pred_cache.c.o
[223/1191] Building CXX object sa/CMakeFiles/cubridsa.dir/__/src/query/string_regex_re2.cpp.o
[224/1191] Building CXX object sa/CMakeFiles/cubridsa.dir/__/src/query/show_scan.c.o
[225/1191] Building CXX object sa/CMakeFiles/cubridsa.dir/__/src/query/query_dump.c.o
[226/1191] Building CXX object sa/CMakeFiles/cubridsa.dir/__/src/query/query_reevaluation.cpp.o
[227/1191] Building CXX object sa/CMakeFiles/cubridsa.dir/__/src/query/query_evaluator.c.o
[228/1191] Building CXX object sa/CMakeFiles/cubridsa.dir/__/src/query/regu_var.cpp.o
[229/1191] Building CXX object sa/CMakeFiles/cubridsa.dir/__/src/query/string_regex.cpp.o
[230/1191] Building CXX object sa/CMakeFiles/cubridsa.dir/__/src/query/execute_schema.c.o
[231/1191] Building CXX object sa/CMakeFiles/cubridsa.dir/__/src/query/set_scan.c.o
[232/1191] Building CXX object sa/CMakeFiles/cubridsa.dir/__/src/query/execute_statement.c.o
[233/1191] Building CXX object sa/CMakeFiles/cubridsa.dir/__/src/query/subquery_cache.c.o
[234/1191] Building CXX object sa/CMakeFiles/cubridsa.dir/__/src/query/scan_json_table.cpp.o
[235/1191] Building CXX object sa/CMakeFiles/cubridsa.dir/__/src/query/query_opfunc.c.o
[236/1191] Building CXX object sa/CMakeFiles/cubridsa.dir/__/src/query/serial.c.o
[237/1191] Building C object sa/CMakeFiles/cubridsa.dir/__/csql_lexer.c.o
[238/1191] Building CXX object sa/CMakeFiles/cubridsa.dir/__/src/parser/cnf.c.o
[239/1191] Building CXX object sa/CMakeFiles/cubridsa.dir/__/src/query/temp_page_store.cpp.o
[240/1191] Building CXX object sa/CMakeFiles/cubridsa.dir/__/src/query/stream_to_xasl.c.o
[241/1191] Building CXX object sa/CMakeFiles/cubridsa.dir/__/src/thread/critical_section_tracker.cpp.o
[242/1191] Building CXX object sa/CMakeFiles/cubridsa.dir/__/src/query/scan_manager.c.o
[243/1191] Building CXX object sa/CMakeFiles/cubridsa.dir/__/src/query/string_opfunc.c.o
[244/1191] Building CXX object sa/CMakeFiles/cubridsa.dir/__/src/query/memoize.cpp.o
[245/1191] Building CXX object sa/CMakeFiles/cubridsa.dir/__/src/parser/parse_tree.c.o
[246/1191] Building CXX object sa/CMakeFiles/cubridsa.dir/__/src/parser/parse_type.cpp.o
[247/1191] Building CXX object sa/CMakeFiles/cubridsa.dir/__/src/parser/compile.c.o
[248/1191] Building CXX object sa/CMakeFiles/cubridsa.dir/__/src/transaction/log_comm.c.o
[249/1191] Building CXX object sa/CMakeFiles/cubridsa.dir/__/src/parser/keyword.c.o
[250/1191] Building CXX object sa/CMakeFiles/cubridsa.dir/__/src/parser/double_byte_support.c.o
[251/1191] Building CXX object sa/CMakeFiles/cubridsa.dir/__/src/query/xasl_to_stream.c.o
[252/1191] Building CXX object sa/CMakeFiles/cubridsa.dir/__/src/parser/parser_allocator.cpp.o
[253/1191] Building CXX object sa/CMakeFiles/cubridsa.dir/__/src/parser/parse_evaluate.c.o
[254/1191] Building CXX object sa/CMakeFiles/cubridsa.dir/__/src/parser/func_type.cpp.o
[255/1191] Building CXX object sa/CMakeFiles/cubridsa.dir/__/src/query/vacuum.c.o
[256/1191] Building CXX object sa/CMakeFiles/cubridsa.dir/__/src/transaction/log_compress.c.o
[257/1191] Building CXX object sa/CMakeFiles/cubridsa.dir/__/src/parser/query_result.c.o
[258/1191] Building CXX object sa/CMakeFiles/cubridsa.dir/__/src/thread/thread_entry_task.cpp.o
[259/1191] Building CXX object sa/CMakeFiles/cubridsa.dir/__/src/transaction/client_credentials.cpp.o
[260/1191] Building CXX object sa/CMakeFiles/cubridsa.dir/__/src/parser/parse_dbi.c.o
[261/1191] Building CXX object sa/CMakeFiles/cubridsa.dir/__/src/parser/scanner_support.c.o
[262/1191] Building CXX object sa/CMakeFiles/cubridsa.dir/__/src/query/query_executor.c.o
[263/1191] Building CXX object sa/CMakeFiles/cubridsa.dir/__/src/query/string_regex_std.cpp.o
[264/1191] Building CXX object sa/CMakeFiles/cubridsa.dir/__/src/transaction/locator.c.o
[265/1191] Building C object sa/CMakeFiles/cubridsa.dir/__/csql_grammar.c.o
[266/1191] Building CXX object sa/CMakeFiles/cubridsa.dir/__/src/parser/show_meta.c.o
[267/1191] Building CXX object sa/CMakeFiles/cubridsa.dir/__/src/thread/thread_manager.cpp.o
[268/1191] Building CXX object sa/CMakeFiles/cubridsa.dir/__/src/parser/name_resolution.c.o
[269/1191] Building CXX object sa/CMakeFiles/cubridsa.dir/__/src/thread/thread_lockfree_hash_map.cpp.o
[270/1191] Building CXX object sa/CMakeFiles/cubridsa.dir/__/src/parser/xasl_regu_alloc.cpp.o
[271/1191] Building CXX object sa/CMakeFiles/cubridsa.dir/__/src/query/xasl_cache.c.o
[272/1191] Building CXX object sa/CMakeFiles/cubridsa.dir/__/src/parser/parser_support.c.o
[273/1191] Building CXX object sa/CMakeFiles/cubridsa.dir/__/src/transaction/log_2pc.c.o
[274/1191] Building CXX object sa/CMakeFiles/cubridsa.dir/__/src/storage/byte_order.c.o
[275/1191] Building CXX object sa/CMakeFiles/cubridsa.dir/__/src/transaction/log_global.c.o
[276/1191] Building CXX object sa/CMakeFiles/cubridsa.dir/__/src/transaction/mvcc_table.cpp.o
[277/1191] Building CXX object sa/CMakeFiles/cubridsa.dir/__/src/transaction/mvcc_active_tran.cpp.o
[278/1191] Building CXX object sa/CMakeFiles/cubridsa.dir/__/src/transaction/flashback.c.o
[279/1191] Building CXX object sa/CMakeFiles/cubridsa.dir/__/src/parser/view_transform.c.o
[280/1191] Building CXX object sa/CMakeFiles/cubridsa.dir/__/src/transaction/log_append.cpp.o
[281/1191] Building CXX object sa/CMakeFiles/cubridsa.dir/__/src/parser/parse_tree_cl.c.o
[282/1191] Building CXX object sa/CMakeFiles/cubridsa.dir/__/src/transaction/boot_cl.c.o
[283/1191] Building CXX object sa/CMakeFiles/cubridsa.dir/__/src/parser/semantic_check.c.o
[284/1191] Building CXX object sa/CMakeFiles/cubridsa.dir/__/src/thread/thread_entry.cpp.o
[285/1191] Building CXX object sa/CMakeFiles/cubridsa.dir/__/src/transaction/mvcc.c.o
[286/1191] Building CXX object sa/CMakeFiles/cubridsa.dir/__/src/transaction/log_postpone_cache.cpp.o
[287/1191] Building CXX object sa/CMakeFiles/cubridsa.dir/__/src/transaction/log_recovery_redo.cpp.o
[288/1191] Building CXX object sa/CMakeFiles/cubridsa.dir/__/src/transaction/log_system_tran.cpp.o
[289/1191] Building CXX object sa/CMakeFiles/cubridsa.dir/__/src/storage/es_owfs.c.o
[290/1191] Building CXX object sa/CMakeFiles/cubridsa.dir/__/src/transaction/transaction_transient.cpp.o
[291/1191] Building CXX object sa/CMakeFiles/cubridsa.dir/__/src/transaction/replication.c.o
[292/1191] Building CXX object sa/CMakeFiles/cubridsa.dir/__/src/storage/oid.c.o
[293/1191] Building CXX object sa/CMakeFiles/cubridsa.dir/__/src/storage/btree_unique.cpp.o
[294/1191] Building CXX object sa/CMakeFiles/cubridsa.dir/__/src/storage/es_posix.c.o
[295/1191] Building CXX object sa/CMakeFiles/cubridsa.dir/__/src/storage/es_common.c.o
[296/1191] Building CXX object sa/CMakeFiles/cubridsa.dir/__/src/transaction/boot_sr.c.o
[297/1191] Building CXX object sa/CMakeFiles/cubridsa.dir/__/src/transaction/locator_cl.c.o
[298/1191] Building CXX object sa/CMakeFiles/cubridsa.dir/__/src/transaction/log_writer.c.o
[299/1191] Building CXX object sa/CMakeFiles/cubridsa.dir/__/src/transaction/lock_manager.c.o
[300/1191] Building CXX object sa/CMakeFiles/cubridsa.dir/__/src/transaction/log_recovery.c.o
[301/1191] Building CXX object sa/CMakeFiles/cubridsa.dir/__/src/parser/type_checking.c.o
[302/1191] Building CXX object sa/CMakeFiles/cubridsa.dir/__/src/transaction/locator_sr.c.o
[303/1191] Building CXX object sa/CMakeFiles/cubridsa.dir/__/src/transaction/recovery.c.o
[304/1191] Building CXX object sa/CMakeFiles/cubridsa.dir/__/load_lexer.cpp.o
[305/1191] Building CXX object sa/CMakeFiles/cubridsa.dir/__/src/storage/storage_common.c.o
[306/1191] Building CXX object sa/CMakeFiles/cubridsa.dir/__/src/storage/es.c.o
[307/1191] Building CXX object sa/CMakeFiles/cubridsa.dir/__/src/transaction/transaction_cl.c.o
[308/1191] Building CXX object sa/CMakeFiles/cubridsa.dir/__/src/storage/overflow_file.c.o
[309/1191] Building CXX object sa/CMakeFiles/cubridsa.dir/__/src/parser/xasl_generation.c.o
[310/1191] Building CXX object sa/CMakeFiles/cubridsa.dir/__/src/transaction/transaction_sr.c.o
[311/1191] Building CXX object sa/CMakeFiles/cubridsa.dir/__/src/transaction/log_page_buffer.c.o
[312/1191] Building CXX object sa/CMakeFiles/cubridsa.dir/__/src/storage/record_descriptor.cpp.o
[313/1191] Building CXX object sa/CMakeFiles/cubridsa.dir/__/src/transaction/log_tran_table.c.o
[314/1191] Building CXX object sa/CMakeFiles/cubridsa.dir/__/src/storage/compactdb_sr.c.o
[315/1191] Building CXX object sa/CMakeFiles/cubridsa.dir/__/src/storage/ftab_set.cpp.o
[316/1191] Building CXX object sa/CMakeFiles/cubridsa.dir/__/src/storage/double_write_buffer.cpp.o
[317/1191] Building CXX object sa/CMakeFiles/cubridsa.dir/__/src/session/session_sr.c.o
[318/1191] Building CXX object sa/CMakeFiles/cubridsa.dir/__/src/transaction/log_manager.c.o
[319/1191] Building CXX object sa/CMakeFiles/cubridsa.dir/__/src/xasl/xasl_unpack_info.cpp.o
[320/1191] Building CXX object sa/CMakeFiles/cubridsa.dir/__/src/xasl/access_json_table.cpp.o
[321/1191] Building CXX object sa/CMakeFiles/cubridsa.dir/__/src/session/session.c.o
[322/1191] Building CXX object sa/CMakeFiles/cubridsa.dir/__/src/storage/disk_manager.c.o
[323/1191] Building CXX object sa/CMakeFiles/cubridsa.dir/__/src/storage/catalog_class.c.o
[324/1191] Building CXX object sa/CMakeFiles/cubridsa.dir/__/src/loaddb/load_error_handler.cpp.o
[325/1191] Building CXX object sa/CMakeFiles/cubridsa.dir/__/src/xasl/xasl_iteration.cpp.o
[326/1191] Building CXX object sa/CMakeFiles/cubridsa.dir/__/src/storage/extendible_hash.c.o
[327/1191] Building CXX object cs/CMakeFiles/cubridcs.dir/__/src/base/mprec.c.o
[328/1191] Building CXX object sa/CMakeFiles/cubridsa.dir/__/src/storage/btree_load.c.o
[329/1191] Building CXX object sa/CMakeFiles/cubridsa.dir/__/src/storage/statistics_cl.c.o
[330/1191] Building CXX object sa/CMakeFiles/cubridsa.dir/__/src/loaddb/load_common.cpp.o
[331/1191] Building CXX object sa/CMakeFiles/cubridsa.dir/__/src/storage/external_sort.c.o
[332/1191] Building CXX object sa/CMakeFiles/cubridsa.dir/__/src/loaddb/load_driver.cpp.o
[333/1191] Building CXX object sa/CMakeFiles/cubridsa.dir/__/load_grammar.cpp.o
[334/1191] Building CXX object sa/CMakeFiles/cubridsa.dir/__/src/loaddb/load_semantic_helper.cpp.o
[335/1191] Building CXX object sa/CMakeFiles/cubridsa.dir/__/src/loaddb/load_object_table.c.o
[336/1191] Building CXX object sa/CMakeFiles/cubridsa.dir/__/src/storage/statistics_sr.c.o
[337/1191] Building CXX object sa/CMakeFiles/cubridsa.dir/__/src/storage/tde.c.o
[338/1191] Building CXX object sa/CMakeFiles/cubridsa.dir/__/src/optimizer/histogram/histogram_builder.cpp.o
[339/1191] Building CXX object sa/CMakeFiles/cubridsa.dir/__/src/optimizer/histogram/histogram_reader.cpp.o
[340/1191] Building CXX object cs/CMakeFiles/cubridcs.dir/__/src/base/memory_private_allocator.cpp.o
[341/1191] Building CXX object sa/CMakeFiles/cubridsa.dir/__/src/storage/page_buffer.c.o
[342/1191] Building CXX object sa/CMakeFiles/cubridsa.dir/__/src/storage/slotted_page.c.o
[343/1191] Building CXX object sa/CMakeFiles/cubridsa.dir/__/src/xasl/xasl_predicate.cpp.o
[344/1191] Building CXX object sa/CMakeFiles/cubridsa.dir/__/src/storage/file_io.c.o
[345/1191] Building CXX object cs/CMakeFiles/cubridcs.dir/__/src/executables/csql_result.c.o
[346/1191] Building CXX object sa/CMakeFiles/cubridsa.dir/__/src/xasl/xasl_analytic.cpp.o
[347/1191] Building CXX object cs/CMakeFiles/cubridcs.dir/__/src/executables/extract_schema.cpp.o
[348/1191] Building CXX object sa/CMakeFiles/cubridsa.dir/__/src/storage/file_manager.c.o
[349/1191] Building CXX object sa/CMakeFiles/cubridsa.dir/__/src/storage/system_catalog.c.o
[350/1191] Building CXX object sa/CMakeFiles/cubridsa.dir/__/src/loaddb/load_object.c.o
[351/1191] Building CXX object cs/CMakeFiles/cubridcs.dir/__/src/executables/csql_session.c.o
[352/1191] Building CXX object sa/CMakeFiles/cubridsa.dir/__/src/xasl/xasl_stream.cpp.o
[353/1191] Building CXX object cs/CMakeFiles/cubridcs.dir/__/src/compat/cnv.c.o
[354/1191] Building CXX object cubrid/CMakeFiles/cubrid.dir/__/src/storage/record_descriptor.cpp.o
[355/1191] Building CXX object cs/CMakeFiles/cubridcs.dir/__/src/executables/file_hash.c.o
[356/1191] Building CXX object sa/CMakeFiles/cubridsa.dir/__/src/loaddb/load_db.c.o
[357/1191] Building CXX object cs/CMakeFiles/cubridcs.dir/__/src/executables/util_common.c.o
[358/1191] Building CXX object cs/CMakeFiles/cubridcs.dir/__/src/compat/db_json_allocator.cpp.o
[359/1191] Building CXX object cubrid/CMakeFiles/cubrid.dir/__/src/storage/overflow_file.c.o
[360/1191] Building CXX object cs/CMakeFiles/cubridcs.dir/__/src/executables/compactdb_common.c.o
[361/1191] Building CXX object cs/CMakeFiles/cubridcs.dir/__/src/executables/unload_object_file.c.o
[362/1191] Building CXX object cs/CMakeFiles/cubridcs.dir/__/src/executables/unloaddb.c.o
[363/1191] Building CXX object cs/CMakeFiles/cubridcs.dir/__/src/compat/db_class.c.o
[364/1191] Building CXX object cs/CMakeFiles/cubridcs.dir/__/src/base/chartype.c.o
[365/1191] Building CXX object cs/CMakeFiles/cubridcs.dir/__/src/executables/compactdb_cl.c.o
[366/1191] Building CXX object sa/CMakeFiles/cubridsa.dir/__/src/storage/heap_file.c.o
[367/1191] Building CXX object cs/CMakeFiles/cubridcs.dir/__/src/executables/csql_support.c.o
[368/1191] Building CXX object cs/CMakeFiles/cubridcs.dir/__/src/executables/csql.c.o
[369/1191] Building CXX object cs/CMakeFiles/cubridcs.dir/__/src/executables/csql_result_format.c.o
[370/1191] Building C object cs/CMakeFiles/cubridcs.dir/__/src/compat/dbtype_function.c.o
[371/1191] Building CXX object cs/CMakeFiles/cubridcs.dir/__/src/base/dtoa.c.o
[372/1191] Building CXX object sa/CMakeFiles/cubridsa.dir/__/src/storage/btree.c.o
[373/1191] Building CXX object cs/CMakeFiles/cubridcs.dir/__/src/compat/db_elo.c.o
[374/1191] Building CXX object cs/CMakeFiles/cubridcs.dir/__/src/compat/db_date.c.o
[375/1191] Building CXX object cs/CMakeFiles/cubridcs.dir/__/src/executables/unload_object.c.o
[376/1191] Building CXX object cs/CMakeFiles/cubridcs.dir/__/src/base/environment_variable.c.o
[377/1191] Building CXX object cs/CMakeFiles/cubridcs.dir/__/src/base/fault_injection.c.o
[378/1191] Building CXX object cs/CMakeFiles/cubridcs.dir/__/src/base/cubrid_getopt_long.c.o
[379/1191] Building CXX object cs/CMakeFiles/cubridcs.dir/__/src/compat/db_info.c.o
[380/1191] Building CXX object cs/CMakeFiles/cubridcs.dir/__/src/base/ini_parser.c.o
[381/1191] Building CXX object cs/CMakeFiles/cubridcs.dir/__/src/executables/checksumdb.c.o
[382/1191] Building CXX object cs/CMakeFiles/cubridcs.dir/__/src/compat/db_admin.c.o
[383/1191] Building CXX object cs/CMakeFiles/cubridcs.dir/__/src/base/base64.c.o
[384/1191] Building CXX object cs/CMakeFiles/cubridcs.dir/__/src/base/databases_file.c.o
[385/1191] Building CXX object cs/CMakeFiles/cubridcs.dir/__/src/executables/util_cs.c.o
[386/1191] Building CXX object cs/CMakeFiles/cubridcs.dir/__/src/compat/db_macro.c.o
[387/1191] Building CXX object cs/CMakeFiles/cubridcs.dir/__/src/base/encryption.c.o
[388/1191] Building CXX object cubrid/CMakeFiles/cubrid.dir/__/src/storage/slotted_page.c.o
[389/1191] Building CXX object cs/CMakeFiles/cubridcs.dir/__/src/base/message_catalog.c.o
[390/1191] Building CXX object cs/CMakeFiles/cubridcs.dir/__/src/base/locale_support.c.o
[391/1191] Building CXX object cs/CMakeFiles/cubridcs.dir/__/src/base/fixed_alloc.c.o
[392/1191] Building CXX object cs/CMakeFiles/cubridcs.dir/__/src/base/fileline_location.cpp.o
[393/1191] Building CXX object cs/CMakeFiles/cubridcs.dir/__/src/base/error_context.cpp.o
[394/1191] Building CXX object cs/CMakeFiles/cubridcs.dir/__/src/base/misc_string.c.o
[395/1191] Building CXX object cs/CMakeFiles/cubridcs.dir/__/src/base/intl_support.c.o
[396/1191] Building CXX object cs/CMakeFiles/cubridcs.dir/__/src/base/get_clock_freq.c.o
[397/1191] Building CXX object cs/CMakeFiles/cubridcs.dir/__/src/compat/db_obj.c.o
[398/1191] Building CXX object cs/CMakeFiles/cubridcs.dir/__/src/executables/unload_schema.c.o
[399/1191] Building CXX object cs/CMakeFiles/cubridcs.dir/__/src/base/hide_password.cpp.o
[400/1191] Building CXX object cs/CMakeFiles/cubridcs.dir/__/src/compat/db_old.c.o
[401/1191] Building CXX object cs/CMakeFiles/cubridcs.dir/__/src/base/release_string.c.o
[402/1191] Building CXX object cs/CMakeFiles/cubridcs.dir/__/src/base/filesys_temp.cpp.o
[403/1191] Building CXX object cs/CMakeFiles/cubridcs.dir/__/src/base/process_util.c.o
[404/1191] Building CXX object cs/CMakeFiles/cubridcs.dir/__/src/base/porting.c.o
[405/1191] Building CXX object cs/CMakeFiles/cubridcs.dir/__/src/base/lockfree_bitmap.cpp.o
[406/1191] Building CXX object cs/CMakeFiles/cubridcs.dir/__/src/base/sha1.c.o
[407/1191] Building CXX object cs/CMakeFiles/cubridcs.dir/__/src/compat/db_virt.c.o
[408/1191] Building CXX object cs/CMakeFiles/cubridcs.dir/__/src/base/tsc_timer.c.o
[409/1191] Building CXX object cs/CMakeFiles/cubridcs.dir/__/src/compat/db_value_printer.cpp.o
[410/1191] Building CXX object cs/CMakeFiles/cubridcs.dir/__/src/base/area_alloc.c.o
[411/1191] Building CXX object cs/CMakeFiles/cubridcs.dir/__/src/base/perf.cpp.o
[412/1191] Building CXX object cs/CMakeFiles/cubridcs.dir/__/src/base/variable_string.c.o
[413/1191] Building CXX object cs/CMakeFiles/cubridcs.dir/__/src/base/error_manager.c.o
[414/1191] Building CXX object cs/CMakeFiles/cubridcs.dir/__/src/base/printer.cpp.o
[415/1191] Building CXX object cs/CMakeFiles/cubridcs.dir/__/src/compat/db_method_static.cpp.o
[416/1191] Building CXX object cs/CMakeFiles/cubridcs.dir/__/src/compat/db_json_path.cpp.o
[417/1191] Building CXX object cs/CMakeFiles/cubridcs.dir/__/src/base/mem_block.cpp.o
[418/1191] Building CXX object cs/CMakeFiles/cubridcs.dir/__/src/base/locale_helper.cpp.o
[419/1191] Building CXX object cs/CMakeFiles/cubridcs.dir/__/src/base/packer.cpp.o
[420/1191] Building CXX object cs/CMakeFiles/cubridcs.dir/__/src/base/uca_support.c.o
[421/1191] Building CXX object cs/CMakeFiles/cubridcs.dir/__/src/base/util_func.c.o
[422/1191] Building CXX object cs/CMakeFiles/cubridcs.dir/__/src/base/unicode_support.c.o
[423/1191] Building CXX object cs/CMakeFiles/cubridcs.dir/__/src/compat/db_set.c.o
[424/1191] Building CXX object cs/CMakeFiles/cubridcs.dir/__/src/base/resource_tracker.cpp.o
[425/1191] Building CXX object cs/CMakeFiles/cubridcs.dir/__/src/base/xml_parser.c.o
[426/1191] Building CXX object cs/CMakeFiles/cubridcs.dir/__/src/compat/db_query.c.o
[427/1191] Building CXX object cs/CMakeFiles/cubridcs.dir/__/src/base/pinnable_buffer.cpp.o
[428/1191] Building CXX object cs/CMakeFiles/cubridcs.dir/__/src/base/stack_dump.c.o
[429/1191] Building CXX object cs/CMakeFiles/cubridcs.dir/__/src/base/string_buffer.cpp.o
[430/1191] Building CXX object cs/CMakeFiles/cubridcs.dir/__/src/compat/db_temp.c.o
[431/1191] Building CXX object cs/CMakeFiles/cubridcs.dir/__/src/compat/db_vdb.c.o
[432/1191] Building CXX object cs/CMakeFiles/cubridcs.dir/__/src/heaplayers/lea_heap.c.o
[433/1191] Building CXX object cs/CMakeFiles/cubridcs.dir/__/src/communication/network_common.cpp.o
[434/1191] Building CXX object cs/CMakeFiles/cubridcs.dir/__/src/heaplayers/customheaps.cpp.o
[435/1191] Building CXX object cubrid/CMakeFiles/cubrid.dir/__/src/storage/page_buffer.c.o
[436/1191] Building CXX object cs/CMakeFiles/cubridcs.dir/__/src/base/dynamic_load.c.o
[437/1191] Building CXX object cs/CMakeFiles/cubridcs.dir/__/src/connection/connection_less.cpp.o
[438/1191] Building CXX object cs/CMakeFiles/cubridcs.dir/__/src/base/memory_alloc.c.o
[439/1191] Building CXX object cs/CMakeFiles/cubridcs.dir/__/src/base/filesys_parser.cpp.o
[440/1191] Building CXX object cs/CMakeFiles/cubridcs.dir/__/src/connection/connection_list_cl.cpp.o
[441/1191] Building CXX object cs/CMakeFiles/cubridcs.dir/__/src/connection/connection_globals.c.o
[442/1191] Building CXX object cs/CMakeFiles/cubridcs.dir/__/src/communication/network_histogram.cpp.o
[443/1191] Building CXX object cs/CMakeFiles/cubridcs.dir/__/src/connection/tcp.c.o
[444/1191] Building CXX object cs/CMakeFiles/cubridcs.dir/__/src/base/language_support.c.o
[445/1191] Building CXX object cs/CMakeFiles/cubridcs.dir/__/src/communication/network_callback_cl.cpp.o
[446/1191] Building CXX object cs/CMakeFiles/cubridcs.dir/__/src/connection/heartbeat.c.o
[447/1191] Building CXX object cs/CMakeFiles/cubridcs.dir/__/src/connection/host_lookup.c.o
[448/1191] Building CXX object cs/CMakeFiles/cubridcs.dir/__/src/communication/network_cl.c.o
[449/1191] Building CXX object cs/CMakeFiles/cubridcs.dir/__/src/connection/connection_cl.cpp.o
[450/1191] Building CXX object cs/CMakeFiles/cubridcs.dir/__/src/base/memory_hash.c.o
[451/1191] Building CXX object cs/CMakeFiles/cubridcs.dir/__/src/base/perf_monitor.c.o
[452/1191] Building CXX object cs/CMakeFiles/cubridcs.dir/__/src/base/cgroup.cpp.o
[453/1191] Building CXX object cs/CMakeFiles/cubridcs.dir/__/src/base/ddl_log.c.o
[454/1191] Building CXX object cs/CMakeFiles/cubridcs.dir/__/src/object/identifier_store.cpp.o
[455/1191] Building CXX object cs/CMakeFiles/cubridcs.dir/__/src/base/resources.cpp.o
[456/1191] Building CXX object cs/CMakeFiles/cubridcs.dir/__/src/base/tz_support.c.o
[457/1191] Building CXX object cs/CMakeFiles/cubridcs.dir/__/src/compat/db_json.cpp.o
[458/1191] Building CXX object cs/CMakeFiles/cubridcs.dir/__/src/object/elo.c.o
[459/1191] Building CXX object cs/CMakeFiles/cubridcs.dir/__/src/connection/connection_support.cpp.o
[460/1191] Building CXX object cs/CMakeFiles/cubridcs.dir/__/src/object/object_print_util.cpp.o
[461/1191] Building CXX object cs/CMakeFiles/cubridcs.dir/__/src/object/authenticate_access_auth.cpp.o
[462/1191] Building CXX object cs/CMakeFiles/cubridcs.dir/__/src/connection/client_support.cpp.o
[463/1191] Building CXX object cs/CMakeFiles/cubridcs.dir/__/src/object/authenticate_owner.cpp.o
[464/1191] Building CXX object cs/CMakeFiles/cubridcs.dir/__/src/base/system_parameter.c.o
[465/1191] Building CXX object cs/CMakeFiles/cubridcs.dir/__/src/object/schema_system_catalog_builder.cpp.o
[466/1191] Building CXX object cs/CMakeFiles/cubridcs.dir/__/src/object/authenticate_password.cpp.o
[467/1191] Building CXX object cs/CMakeFiles/cubridcs.dir/__/src/object/authenticate_cache.cpp.o
[468/1191] Building CXX object cs/CMakeFiles/cubridcs.dir/__/src/object/deduplicate_key.c.o
[469/1191] Building CXX object cs/CMakeFiles/cubridcs.dir/__/src/object/authenticate_grant.cpp.o
[470/1191] Building CXX object cs/CMakeFiles/cubridcs.dir/__/src/object/authenticate.c.o
[471/1191] Building CXX object cs/CMakeFiles/cubridcs.dir/__/src/object/authenticate_access_class.cpp.o
[472/1191] Building CXX object cs/CMakeFiles/cubridcs.dir/__/src/object/quick_fit.c.o
[473/1191] Building CXX object cs/CMakeFiles/cubridcs.dir/__/src/object/class_description.cpp.o
[474/1191] Building CXX object cs/CMakeFiles/cubridcs.dir/__/src/communication/network_interface_cl.c.o
[475/1191] Building CXX object cs/CMakeFiles/cubridcs.dir/__/src/object/lob_locator.cpp.o
[476/1191] Building CXX object cs/CMakeFiles/cubridcs.dir/__/src/object/authenticate_migration.cpp.o
[477/1191] Building CXX object cs/CMakeFiles/cubridcs.dir/__/src/object/authenticate_context.cpp.o
[478/1191] Building CXX object cs/CMakeFiles/cubridcs.dir/__/src/query/parallel/px_scan/px_scan_checker.cpp.o
[479/1191] Building CXX object cs/CMakeFiles/cubridcs.dir/__/src/object/class_object.c.o
[480/1191] Building CXX object cs/CMakeFiles/cubridcs.dir/__/src/object/schema_information_schema.cpp.o
[481/1191] Building CXX object cs/CMakeFiles/cubridcs.dir/__/src/object/object_description.cpp.o
[482/1191] Building CXX object cs/CMakeFiles/cubridcs.dir/__/src/object/object_accessor.c.o
[483/1191] Building CXX object cs/CMakeFiles/cubridcs.dir/__/src/object/transform.c.o
[484/1191] Building CXX object cs/CMakeFiles/cubridcs.dir/__/src/object/object_printer.cpp.o
[485/1191] Building CXX object cs/CMakeFiles/cubridcs.dir/__/src/object/authenticate_access_user.cpp.o
[486/1191] Building CXX object cs/CMakeFiles/cubridcs.dir/__/src/object/object_print.c.o
[487/1191] Building CXX object cs/CMakeFiles/cubridcs.dir/__/src/object/schema_system_catalog_install_query_spec.cpp.o
[488/1191] Building CXX object cs/CMakeFiles/cubridcs.dir/__/src/object/schema_information_schema_definition.cpp.o
[489/1191] Building CXX object cs/CMakeFiles/cubridcs.dir/__/src/object/object_template.c.o
[490/1191] Building CXX object cs/CMakeFiles/cubridcs.dir/__/src/object/schema_system_catalog.cpp.o
[491/1191] Building CXX object cs/CMakeFiles/cubridcs.dir/__/src/object/object_representation.c.o
[492/1191] Building CXX object cs/CMakeFiles/cubridcs.dir/__/src/optimizer/query_bitset.c.o
[493/1191] Building CXX object cs/CMakeFiles/cubridcs.dir/__/src/object/schema_class_truncator.cpp.o
[494/1191] Building CXX object cs/CMakeFiles/cubridcs.dir/__/src/method/method_struct_parameter_info.cpp.o
[495/1191] Building CXX object cs/CMakeFiles/cubridcs.dir/__/src/object/object_domain.c.o
[496/1191] Building CXX object cs/CMakeFiles/cubridcs.dir/__/src/object/schema_information_schema_install_query_spec.cpp.o
[497/1191] Building CXX object cs/CMakeFiles/cubridcs.dir/__/src/object/schema_system_catalog_install.cpp.o
[498/1191] Building CXX object cs/CMakeFiles/cubridcs.dir/__/src/object/trigger_description.cpp.o
[499/1191] Building CXX object cs/CMakeFiles/cubridcs.dir/__/src/object/transform_cl.c.o
[500/1191] Building CXX object cs/CMakeFiles/cubridcs.dir/__/src/object/schema_system_catalog_definition.cpp.o
[501/1191] Building CXX object cs/CMakeFiles/cubridcs.dir/__/src/object/schema_information_schema_builder.cpp.o
[502/1191] Building C object cs/CMakeFiles/cubridcs.dir/__/csql_lexer.c.o
[503/1191] Building CXX object cs/CMakeFiles/cubridcs.dir/__/src/object/set_object.c.o
[504/1191] Building CXX object cs/CMakeFiles/cubridcs.dir/__/src/object/work_space.c.o
[505/1191] Building CXX object cs/CMakeFiles/cubridcs.dir/__/src/object/schema_manager.c.o
[506/1191] Building CXX object cs/CMakeFiles/cubridcs.dir/__/src/object/virtual_object.c.o
[507/1191] Building CXX object cs/CMakeFiles/cubridcs.dir/__/src/object/schema_template.c.o
[508/1191] Building CXX object cs/CMakeFiles/cubridcs.dir/__/src/optimizer/rewriter/query_rewrite_term.c.o
[509/1191] Building CXX object cs/CMakeFiles/cubridcs.dir/__/src/optimizer/rewriter/query_rewrite_subquery.c.o
[510/1191] Building CXX object cs/CMakeFiles/cubridcs.dir/__/src/object/trigger_manager.c.o
[511/1191] Building CXX object cs/CMakeFiles/cubridcs.dir/__/src/object/object_primitive.c.o
[512/1191] Building CXX object cs/CMakeFiles/cubridcs.dir/__/src/object/schema_information_schema_install.cpp.o
[513/1191] Building CXX object cs/CMakeFiles/cubridcs.dir/__/src/optimizer/rewriter/query_rewrite_set.c.o
[514/1191] Building CXX object cs/CMakeFiles/cubridcs.dir/__/src/optimizer/rewriter/query_rewrite.c.o
[515/1191] Building CXX object cs/CMakeFiles/cubridcs.dir/__/src/optimizer/plan_generation.c.o
[516/1191] Building CXX object cs/CMakeFiles/cubridcs.dir/__/src/optimizer/rewriter/query_rewrite_auto_parameterize.c.o
[517/1191] Building CXX object cs/CMakeFiles/cubridcs.dir/__/src/optimizer/rewriter/query_rewrite_select.c.o
[518/1191] Building CXX object cs/CMakeFiles/cubridcs.dir/__/src/method/method_struct_value.cpp.o
[519/1191] Building CXX object cs/CMakeFiles/cubridcs.dir/__/src/optimizer/query_graph.c.o
[520/1191] Building CXX object cs/CMakeFiles/cubridcs.dir/__/src/parser/cnf.c.o
[521/1191] Building CXX object cs/CMakeFiles/cubridcs.dir/__/src/parser/compile.c.o
[522/1191] Building CXX object cs/CMakeFiles/cubridcs.dir/__/src/parser/keyword.c.o
[523/1191] Building CXX object cs/CMakeFiles/cubridcs.dir/__/src/parser/parse_tree.c.o
[524/1191] Building CXX object cs/CMakeFiles/cubridcs.dir/__/src/parser/parse_type.cpp.o
[525/1191] Building CXX object cs/CMakeFiles/cubridcs.dir/__/src/parser/method_transform.c.o
[526/1191] Building CXX object cs/CMakeFiles/cubridcs.dir/__/src/parser/double_byte_support.c.o
[527/1191] Building CXX object cs/CMakeFiles/cubridcs.dir/__/src/query/crypt_opfunc.c.o
[528/1191] Building CXX object cs/CMakeFiles/cubridcs.dir/__/src/parser/parse_evaluate.c.o
[529/1191] Building CXX object cs/CMakeFiles/cubridcs.dir/__/src/optimizer/query_planner.c.o
[530/1191] Building CXX object cs/CMakeFiles/cubridcs.dir/__/src/parser/parse_dbi.c.o
[531/1191] Building CXX object cs/CMakeFiles/cubridcs.dir/__/src/parser/show_meta.c.o
[532/1191] Building CXX object cs/CMakeFiles/cubridcs.dir/__/src/parser/scanner_support.c.o
[533/1191] Building CXX object cs/CMakeFiles/cubridcs.dir/__/src/parser/parser_allocator.cpp.o
[534/1191] Building CXX object cs/CMakeFiles/cubridcs.dir/__/src/parser/xasl_regu_alloc.cpp.o
[535/1191] Building CXX object cs/CMakeFiles/cubridcs.dir/__/src/sp/pl_signature.cpp.o
[536/1191] Building CXX object cs/CMakeFiles/cubridcs.dir/__/src/query/string_regex_re2.cpp.o
[537/1191] Building CXX object cs/CMakeFiles/cubridcs.dir/__/src/parser/func_type.cpp.o
[538/1191] Building CXX object cs/CMakeFiles/cubridcs.dir/__/src/parser/query_result.c.o
[539/1191] Building CXX object cs/CMakeFiles/cubridcs.dir/__/src/query/numeric_opfunc.c.o
[540/1191] Building C object cs/CMakeFiles/cubridcs.dir/__/csql_grammar.c.o
[541/1191] Building CXX object cs/CMakeFiles/cubridcs.dir/__/src/query/cursor.c.o
[542/1191] Building CXX object cs/CMakeFiles/cubridcs.dir/__/src/parser/name_resolution.c.o
[543/1191] Building CXX object cs/CMakeFiles/cubridcs.dir/__/src/query/query_dump.c.o
[544/1191] Building CXX object cs/CMakeFiles/cubridcs.dir/__/src/query/query_cl.c.o
[545/1191] Building CXX object cs/CMakeFiles/cubridcs.dir/__/src/method/method_error.cpp.o
[546/1191] Building CXX object cs/CMakeFiles/cubridcs.dir/__/src/query/regu_var.cpp.o
[547/1191] Building CXX object cs/CMakeFiles/cubridcs.dir/__/src/query/string_regex.cpp.o
[548/1191] Building CXX object cs/CMakeFiles/cubridcs.dir/__/src/parser/parse_tree_cl.c.o
[549/1191] Building CXX object cs/CMakeFiles/cubridcs.dir/__/src/parser/parser_support.c.o
[550/1191] Building CXX object cs/CMakeFiles/cubridcs.dir/__/src/method/method_struct_invoke.cpp.o
[551/1191] Building CXX object cs/CMakeFiles/cubridcs.dir/__/src/sp/pl_struct_compile.cpp.o
[552/1191] Building CXX object cs/CMakeFiles/cubridcs.dir/__/src/parser/view_transform.c.o
[553/1191] Building CXX object cs/CMakeFiles/cubridcs.dir/__/src/query/arithmetic.c.o
[554/1191] Building CXX object cs/CMakeFiles/cubridcs.dir/__/src/transaction/locator.c.o
[555/1191] Building CXX object cs/CMakeFiles/cubridcs.dir/__/src/method/method_struct_schema_info.cpp.o
[556/1191] Building CXX object cs/CMakeFiles/cubridcs.dir/__/src/method/method_query_util.cpp.o
[557/1191] Building CXX object cs/CMakeFiles/cubridcs.dir/__/src/method/method_oid_handler.cpp.o
[558/1191] Building CXX object cs/CMakeFiles/cubridcs.dir/__/src/parser/semantic_check.c.o
[559/1191] Building CXX object cs/CMakeFiles/cubridcs.dir/__/src/query/execute_schema.c.o
[560/1191] Building CXX object cs/CMakeFiles/cubridcs.dir/__/src/method/method_struct_oid_info.cpp.o
[561/1191] Building CXX object cs/CMakeFiles/cubridcs.dir/__/src/storage/byte_order.c.o
[562/1191] Building CXX object cs/CMakeFiles/cubridcs.dir/__/src/transaction/client_credentials.cpp.o
[563/1191] Building CXX object cs/CMakeFiles/cubridcs.dir/__/src/storage/es_posix.c.o
[564/1191] Building CXX object cs/CMakeFiles/cubridcs.dir/__/src/transaction/log_compress.c.o
[565/1191] Building CXX object cs/CMakeFiles/cubridcs.dir/__/src/query/xasl_to_stream.c.o
[566/1191] Building CXX object cs/CMakeFiles/cubridcs.dir/__/src/storage/es_owfs.c.o
[567/1191] Building CXX object cs/CMakeFiles/cubridcs.dir/__/src/parser/type_checking.c.o
[568/1191] Building CXX object cs/CMakeFiles/cubridcs.dir/__/src/method/method_struct_query.cpp.o
[569/1191] Building CXX object cs/CMakeFiles/cubridcs.dir/__/src/sp/pl_comm.c.o
[570/1191] Building CXX object cs/CMakeFiles/cubridcs.dir/__/src/query/execute_statement.c.o
[571/1191] Building CXX object cs/CMakeFiles/cubridcs.dir/__/src/sp/jsp_cl.cpp.o
[572/1191] Building CXX object cs/CMakeFiles/cubridcs.dir/__/src/storage/oid.c.o
[573/1191] Building CXX object cs/CMakeFiles/cubridcs.dir/__/src/parser/xasl_generation.c.o
[574/1191] Building CXX object cs/CMakeFiles/cubridcs.dir/__/src/storage/tde.c.o
[575/1191] Building CXX object cs/CMakeFiles/cubridcs.dir/__/src/xasl/xasl_unpack_info.cpp.o
[576/1191] Building CXX object cubrid/CMakeFiles/cubrid.dir/__/src/base/base64.c.o
[577/1191] Building CXX object cs/CMakeFiles/cubridcs.dir/__/src/transaction/flashback_cl.c.o
[578/1191] Building CXX object cs/CMakeFiles/cubridcs.dir/__/src/query/string_opfunc.c.o
[579/1191] Building CXX object cs/CMakeFiles/cubridcs.dir/__/src/storage/storage_common.c.o
[580/1191] Building CXX object cs/CMakeFiles/cubridcs.dir/__/src/transaction/log_comm.c.o
[581/1191] Building CXX object cs/CMakeFiles/cubridcs.dir/__/src/storage/es_common.c.o
[582/1191] Building CXX object cs/CMakeFiles/cubridcs.dir/__/src/xasl/access_json_table.cpp.o
[583/1191] Building CXX object cs/CMakeFiles/cubridcs.dir/__/src/method/method_query_handler.cpp.o
[584/1191] Building CXX object cs/CMakeFiles/cubridcs.dir/__/src/method/method_schema_info.cpp.o
[585/1191] Building CXX object cs/CMakeFiles/cubridcs.dir/__/src/transaction/transaction_cl.c.o
[586/1191] Building CXX object cs/CMakeFiles/cubridcs.dir/__/src/storage/file_io.c.o
[587/1191] Building CXX object cs/CMakeFiles/cubridcs.dir/__/src/transaction/log_applier_sql_log.c.o
[588/1191] Building CXX object cs/CMakeFiles/cubridcs.dir/__/src/storage/es.c.o
[589/1191] Building CXX object cs/CMakeFiles/cubridcs.dir/__/src/optimizer/histogram/histogram_reader.cpp.o
[590/1191] Building CXX object cs/CMakeFiles/cubridcs.dir/__/src/loaddb/load_common.cpp.o
[591/1191] Building CXX object cs/CMakeFiles/cubridcs.dir/__/src/transaction/boot_cl.c.o
[592/1191] Building CXX object cs/CMakeFiles/cubridcs.dir/__/src/transaction/locator_cl.c.o
[593/1191] Building CXX object cs/CMakeFiles/cubridcs.dir/__/src/storage/statistics_cl.c.o
[594/1191] Building CXX object cs/CMakeFiles/cubridcs.dir/__/src/optimizer/histogram/histogram_builder.cpp.o
[595/1191] Building CXX object cs/CMakeFiles/cubridcs.dir/__/src/xasl/xasl_analytic.cpp.o
[596/1191] Building CXX object cs/CMakeFiles/cubridcs.dir/__/src/xasl/xasl_predicate.cpp.o
[597/1191] Building CXX object cs/CMakeFiles/cubridcs.dir/__/src/transaction/log_writer.c.o
[598/1191] Building CXX object cs/CMakeFiles/cubridcs.dir/__/src/method/query_method.cpp.o
[599/1191] Building CXX object cs/CMakeFiles/cubridcs.dir/__/src/query/string_regex_std.cpp.o
[600/1191] Building CXX object cs/CMakeFiles/cubridcs.dir/__/src/method/method_callback.cpp.o
[601/1191] Building CXX object cubrid/CMakeFiles/cubrid.dir/__/src/base/binaryheap.c.o
[602/1191] Building CXX object cs/CMakeFiles/cubridcs.dir/__/src/xasl/xasl_stream.cpp.o
[603/1191] Building CXX object cs/CMakeFiles/cubridcs.dir/__/src/query/parallel/px_query_execute/px_query_checker.cpp.o
[604/1191] Building CXX object cs/CMakeFiles/cubridcs.dir/__/src/loaddb/load_object.c.o
[605/1191] Building CXX object cs/CMakeFiles/cubridcs.dir/__/src/api/cubrid_log.c.o
[606/1191] Building CXX object cubrid/CMakeFiles/cubrid.dir/__/src/base/encryption.c.o
[607/1191] Building CXX object cubrid/CMakeFiles/cubrid.dir/__/src/base/bit.c.o
[608/1191] Building CXX object cubrid/CMakeFiles/cubrid.dir/__/src/base/environment_variable.c.o
[609/1191] Building CXX object cubrid/CMakeFiles/cubrid.dir/__/src/base/dtoa.c.o
[610/1191] Building CXX object cubrid/CMakeFiles/cubrid.dir/__/src/base/chartype.c.o
[611/1191] Building CXX object cubrid/CMakeFiles/cubrid.dir/__/src/base/databases_file.c.o
[612/1191] Building CXX object cs/CMakeFiles/cubridcs.dir/__/src/transaction/log_applier.c.o
[613/1191] Building CXX object cs/CMakeFiles/cubridcs.dir/__/src/optimizer/histogram/histogram_cl.cpp.o
[614/1191] Building CXX object cubrid/CMakeFiles/cubrid.dir/__/src/base/area_alloc.c.o
[615/1191] Building CXX object cubrid/CMakeFiles/cubrid.dir/__/src/base/fileline_location.cpp.o
[616/1191] Building CXX object cs/CMakeFiles/cubridcs.dir/__/src/loaddb/load_db.c.o
[617/1191] Building CXX object cs/CMakeFiles/cubridcs.dir/__/src/sp/sp_catalog.cpp.o
[618/1191] Building CXX object cubrid/CMakeFiles/cubrid.dir/__/src/base/ini_parser.c.o
[619/1191] Building CXX object cubrid/CMakeFiles/cubrid.dir/__/src/base/filesys_temp.cpp.o
[620/1191] Building CXX object cubrid/CMakeFiles/cubrid.dir/__/src/base/lockfree_bitmap.cpp.o
[621/1191] Building CXX object cubrid/CMakeFiles/cubrid.dir/__/src/base/fixed_alloc.c.o
[622/1191] Building CXX object cubrid/CMakeFiles/cubrid.dir/__/src/base/lock_free.c.o
[623/1191] Building CXX object cubrid/CMakeFiles/cubrid.dir/__/src/base/error_context.cpp.o
[624/1191] Building CXX object cubrid/CMakeFiles/cubrid.dir/__/src/base/mem_block.cpp.o
[625/1191] Building CXX object cubrid/CMakeFiles/cubrid.dir/__/src/base/memory_monitor_api.cpp.o
[626/1191] Building CXX object cubrid/CMakeFiles/cubrid.dir/__/src/base/misc_string.c.o
[627/1191] Building CXX object cubrid/CMakeFiles/cubrid.dir/__/src/base/memory_hash.c.o
[628/1191] Building CXX object cubrid/CMakeFiles/cubrid.dir/__/src/base/locale_support.c.o
[629/1191] Building CXX object cubrid/CMakeFiles/cubrid.dir/__/src/base/lockfree_hashmap.cpp.o
[630/1191] Building CXX object cubrid/CMakeFiles/cubrid.dir/__/src/base/error_manager.c.o
[631/1191] Building CXX object cubrid/CMakeFiles/cubrid.dir/__/src/base/mprec.c.o
[632/1191] Building CXX object cubrid/CMakeFiles/cubrid.dir/__/src/base/locale_helper.cpp.o
[633/1191] Building CXX object cubrid/CMakeFiles/cubrid.dir/__/src/base/intl_support.c.o
[634/1191] Building CXX object cubrid/CMakeFiles/cubrid.dir/__/src/base/language_support.c.o
[635/1191] Building CXX object cubrid/CMakeFiles/cubrid.dir/__/src/base/printer.cpp.o
[636/1191] Building CXX object cubrid/CMakeFiles/cubrid.dir/__/src/base/fault_injection.c.o
[637/1191] Building CXX object cubrid/CMakeFiles/cubrid.dir/__/src/base/perf.cpp.o
[638/1191] Building CXX object cubrid/CMakeFiles/cubrid.dir/__/src/base/message_catalog.c.o
[639/1191] Building CXX object cubrid/CMakeFiles/cubrid.dir/__/src/base/pinnable_buffer.cpp.o
[640/1191] Building CXX object cubrid/CMakeFiles/cubrid.dir/__/src/base/release_string.c.o
[641/1191] Building CXX object cubrid/CMakeFiles/cubrid.dir/__/src/base/resource_tracker.cpp.o
[642/1191] Building CXX object cubrid/CMakeFiles/cubrid.dir/__/src/base/process_util.c.o
[643/1191] Building CXX object cubrid/CMakeFiles/cubrid.dir/__/src/base/trace_event_log.c.o
[644/1191] Building CXX object cubrid/CMakeFiles/cubrid.dir/__/src/base/cubrid_getopt_long.c.o
[645/1191] Building CXX object cubrid/CMakeFiles/cubrid.dir/__/src/base/memory_private_allocator.cpp.o
[646/1191] Building CXX object cubrid/CMakeFiles/cubrid.dir/__/src/base/porting.c.o
[647/1191] Building CXX object cubrid/CMakeFiles/cubrid.dir/__/src/base/get_clock_freq.c.o
[648/1191] Building CXX object cubrid/CMakeFiles/cubrid.dir/__/src/base/packer.cpp.o
[649/1191] Building CXX object cubrid/CMakeFiles/cubrid.dir/__/src/base/stack_dump.c.o
[650/1191] Building CXX object cubrid/CMakeFiles/cubrid.dir/__/src/base/sha1.c.o
[651/1191] Building CXX object cubrid/CMakeFiles/cubrid.dir/__/src/base/memory_alloc.c.o
[652/1191] Building CXX object cubrid/CMakeFiles/cubrid.dir/__/src/base/string_buffer.cpp.o
[653/1191] Building CXX object cubrid/CMakeFiles/cubrid.dir/__/src/base/tsc_timer.c.o
[654/1191] Building CXX object cubrid/CMakeFiles/cubrid.dir/__/src/base/uca_support.c.o
[655/1191] Building CXX object cubrid/CMakeFiles/cubrid.dir/__/src/base/epoll.cpp.o
[656/1191] Building CXX object cubrid/CMakeFiles/cubrid.dir/__/src/base/util_func.c.o
[657/1191] Building CXX object cubrid/CMakeFiles/cubrid.dir/__/src/base/nonblocking.cpp.o
[658/1191] Building CXX object cubrid/CMakeFiles/cubrid.dir/__/src/base/xml_parser.c.o
[659/1191] Building CXX object cubrid/CMakeFiles/cubrid.dir/__/src/base/perf_monitor_trackers.cpp.o
[660/1191] Building CXX object cubrid/CMakeFiles/cubrid.dir/__/src/base/unicode_support.c.o
[661/1191] Building CXX object cubrid/CMakeFiles/cubrid.dir/__/src/base/packet_buffer.cpp.o
[662/1191] Building CXX object cubrid/CMakeFiles/cubrid.dir/__/src/compat/db_elo.c.o
[663/1191] Building CXX object cubrid/CMakeFiles/cubrid.dir/__/src/base/DMRBMemoryPool.cpp.o
[664/1191] Building CXX object cubrid/CMakeFiles/cubrid.dir/__/src/base/variable_string.c.o
[665/1191] Building CXX object cubrid/CMakeFiles/cubrid.dir/__/src/compat/cnv.c.o
[666/1191] Building CXX object cubrid/CMakeFiles/cubrid.dir/__/src/base/filesys_parser.cpp.o
[667/1191] Building CXX object cubrid/CMakeFiles/cubrid.dir/__/src/compat/db_json_allocator.cpp.o
[668/1191] Building CXX object cubrid/CMakeFiles/cubrid.dir/__/src/base/cgroup.cpp.o
[669/1191] Building CXX object cubrid/CMakeFiles/cubrid.dir/__/src/base/resources.cpp.o
[670/1191] Building CXX object cubrid/CMakeFiles/cubrid.dir/__/src/base/object_representation_sr.c.o
[671/1191] Building CXX object cubrid/CMakeFiles/cubrid.dir/__/src/compat/db_set.c.o
[672/1191] Building CXX object cubrid/CMakeFiles/cubrid.dir/__/src/connection/connection_globals.c.o
[673/1191] Building CXX object cubrid/CMakeFiles/cubrid.dir/__/src/compat/db_date.c.o
[674/1191] Building CXX object cubrid/CMakeFiles/cubrid.dir/__/src/base/perf_monitor.c.o
[675/1191] Building CXX object cubrid/CMakeFiles/cubrid.dir/__/src/connection/connection_list_sr.c.o
[676/1191] Building CXX object cubrid/CMakeFiles/cubrid.dir/__/src/base/tz_support.c.o
[677/1191] Building CXX object cubrid/CMakeFiles/cubrid.dir/__/src/communication/network_callback_sr.cpp.o
[678/1191] Building CXX object cubrid/CMakeFiles/cubrid.dir/__/src/connection/connection_context.cpp.o
[679/1191] Building CXX object cubrid/CMakeFiles/cubrid.dir/__/src/compat/db_value_printer.cpp.o
[680/1191] Building CXX object cubrid/CMakeFiles/cubrid.dir/__/src/base/system_parameter.c.o
[681/1191] Building CXX object cubrid/CMakeFiles/cubrid.dir/__/src/communication/network_common.cpp.o
[682/1191] Building CXX object cubrid/CMakeFiles/cubrid.dir/__/src/connection/transmitter.cpp.o
[683/1191] Building CXX object cubrid/CMakeFiles/cubrid.dir/__/src/compat/db_macro.c.o
[684/1191] Building CXX object cubrid/CMakeFiles/cubrid.dir/__/src/connection/host_lookup.c.o
[685/1191] Building CXX object cubrid/CMakeFiles/cubrid.dir/__/src/communication/network_sr.c.o
[686/1191] Building CXX object cubrid/CMakeFiles/cubrid.dir/__/src/connection/buffer.cpp.o
[687/1191] Building CXX object cubrid/CMakeFiles/cubrid.dir/__/src/connection/receiver.cpp.o
[688/1191] Building CXX object cubrid/CMakeFiles/cubrid.dir/__/src/heaplayers/customheaps.cpp.o
[689/1191] Building CXX object cubrid/CMakeFiles/cubrid.dir/__/src/executables/util_common.c.o
[690/1191] Building CXX object cubrid/CMakeFiles/cubrid.dir/__/src/compat/db_json_path.cpp.o
[691/1191] Building CXX object cubrid/CMakeFiles/cubrid.dir/__/src/connection/connection_support.cpp.o
[692/1191] Building CXX object cubrid/CMakeFiles/cubrid.dir/__/src/connection/connection_pool.cpp.o
[693/1191] Building CXX object cubrid/CMakeFiles/cubrid.dir/__/src/connection/heartbeat.c.o
[694/1191] Building CXX object cubrid/CMakeFiles/cubrid.dir/__/src/sp/pl_file.c.o
[695/1191] Building CXX object cubrid/CMakeFiles/cubrid.dir/__/src/sp/pl_compile_handler.cpp.o
[696/1191] Building CXX object cubrid/CMakeFiles/cubrid.dir/__/src/connection/tcp.c.o
[697/1191] Building CXX object cubrid/CMakeFiles/cubrid.dir/__/src/connection/master_connector.cpp.o
[698/1191] Building CXX object cubrid/CMakeFiles/cubrid.dir/__/src/heaplayers/lea_heap.c.o
[699/1191] Building CXX object cubrid/CMakeFiles/cubrid.dir/__/src/sp/pl_connection.cpp.o
[700/1191] Building CXX object cubrid/CMakeFiles/cubrid.dir/__/src/method/method_struct_parameter_info.cpp.o
[701/1191] Building CXX object cubrid/CMakeFiles/cubrid.dir/__/src/sp/pl_comm.c.o
[702/1191] Building CXX object cubrid/CMakeFiles/cubrid.dir/__/src/method/method_struct_value.cpp.o
[703/1191] Building CXX object cubrid/CMakeFiles/cubrid.dir/__/src/method/method_struct_oid_info.cpp.o
[704/1191] Building CXX object cubrid/CMakeFiles/cubrid.dir/__/load_lexer.cpp.o
[705/1191] Building CXX object cubrid/CMakeFiles/cubrid.dir/__/src/method/method_struct_schema_info.cpp.o
[706/1191] Building CXX object cubrid/CMakeFiles/cubrid.dir/__/src/method/method_struct_query.cpp.o
[707/1191] Building CXX object cubrid/CMakeFiles/cubrid.dir/__/src/method/query_method.cpp.o
[708/1191] Building CXX object cubrid/CMakeFiles/cubrid.dir/__/src/connection/connection_sr.c.o
[709/1191] Building CXX object cubrid/CMakeFiles/cubrid.dir/__/src/sp/pl_signature.cpp.o
[710/1191] Building CXX object cubrid/CMakeFiles/cubrid.dir/__/src/compat/db_json.cpp.o
[711/1191] Building CXX object cubrid/CMakeFiles/cubrid.dir/__/src/connection/coordinator.cpp.o
[712/1191] Building CXX object cubrid/CMakeFiles/cubrid.dir/__/src/sp/method_invoke_group.cpp.o
[713/1191] Building CXX object cubrid/CMakeFiles/cubrid.dir/__/load_grammar.cpp.o
[714/1191] Building CXX object cubrid/CMakeFiles/cubrid.dir/__/src/sp/pl_sr.cpp.o
[715/1191] Building CXX object cubrid/CMakeFiles/cubrid.dir/__/src/sp/pl_query_cursor.cpp.o
[716/1191] Building CXX object cubrid/CMakeFiles/cubrid.dir/__/src/connection/connection_worker.cpp.o
[717/1191] Building CXX object cubrid/CMakeFiles/cubrid.dir/__/src/loaddb/load_common.cpp.o
[718/1191] Building CXX object cubrid/CMakeFiles/cubrid.dir/__/src/method/method_scan.cpp.o
[719/1191] Building CXX object cubrid/CMakeFiles/cubrid.dir/__/src/connection/server_support.c.o
[720/1191] Building CXX object cubrid/CMakeFiles/cubrid.dir/__/src/loaddb/load_driver.cpp.o
[721/1191] Building CXX object cubrid/CMakeFiles/cubrid.dir/__/src/object/lob_locator.cpp.o
[722/1191] Building CXX object cubrid/CMakeFiles/cubrid.dir/__/src/loaddb/load_semantic_helper.cpp.o
[723/1191] Building CXX object cubrid/CMakeFiles/cubrid.dir/__/src/object/identifier_store.cpp.o
[724/1191] Building CXX object cubrid/CMakeFiles/cubrid.dir/__/src/monitor/monitor_transaction.cpp.o
[725/1191] Building CXX object cubrid/CMakeFiles/cubrid.dir/__/src/object/schema_information_schema.cpp.o
[726/1191] Building CXX object cubrid/CMakeFiles/cubrid.dir/__/src/monitor/monitor_vacuum_ovfp_threshold.cpp.o
[727/1191] Building CXX object cubrid/CMakeFiles/cubrid.dir/__/src/loaddb/load_class_registry.cpp.o
[728/1191] Building CXX object cubrid/CMakeFiles/cubrid.dir/__/src/object/elo.c.o
[729/1191] Building CXX object cubrid/CMakeFiles/cubrid.dir/__/src/communication/network_interface_sr.cpp.o
[730/1191] Building CXX object cubrid/CMakeFiles/cubrid.dir/__/src/object/set_object.c.o
[731/1191] Building CXX object cubrid/CMakeFiles/cubrid.dir/__/src/sp/pl_execution_stack_context.cpp.o
[732/1191] Building CXX object cubrid/CMakeFiles/cubrid.dir/__/src/transaction/transaction_transient.cpp.o
[733/1191] Building CXX object cubrid/CMakeFiles/cubrid.dir/__/src/sp/pl_executor.cpp.o
[734/1191] Building CXX object cubrid/CMakeFiles/cubrid.dir/__/src/loaddb/load_error_handler.cpp.o
[735/1191] Building CXX object cubrid/CMakeFiles/cubrid.dir/__/src/object/object_representation.c.o
[736/1191] Building CXX object cubrid/CMakeFiles/cubrid.dir/__/src/object/deduplicate_key.c.o
[737/1191] Building CXX object cubrid/CMakeFiles/cubrid.dir/__/src/sp/pl_session.cpp.o
[738/1191] Building CXX object cubrid/CMakeFiles/cubrid.dir/__/src/loaddb/load_db_value_converter.cpp.o
[739/1191] Building CXX object cubrid/CMakeFiles/cubrid.dir/__/src/object/schema_system_catalog.cpp.o
[740/1191] Building CXX object cubrid/CMakeFiles/cubrid.dir/__/src/object/object_domain.c.o
[741/1191] Building CXX object cubrid/CMakeFiles/cubrid.dir/__/src/object/transform.c.o
[742/1191] Building CXX object cubrid/CMakeFiles/cubrid.dir/__/src/query/crypt_opfunc.c.o
[743/1191] Building CXX object cubrid/CMakeFiles/cubrid.dir/__/src/query/arithmetic.c.o
[744/1191] Building CXX object cubrid/CMakeFiles/cubrid.dir/__/src/query/numeric_opfunc.c.o
[745/1191] Building CXX object cubrid/CMakeFiles/cubrid.dir/__/src/loaddb/load_session.cpp.o
[746/1191] Building CXX object cubrid/CMakeFiles/cubrid.dir/__/src/loaddb/load_worker_manager.cpp.o
[747/1191] Building CXX object cubrid/CMakeFiles/cubrid.dir/__/src/object/object_primitive.c.o
[748/1191] Building CXX object cubrid/CMakeFiles/cubrid.dir/__/src/query/query_analytic.cpp.o
[749/1191] Building CXX object cubrid/CMakeFiles/cubrid.dir/__/src/query/filter_pred_cache.c.o
[750/1191] Building CXX object cubrid/CMakeFiles/cubrid.dir/__/src/query/dblink_2pc.c.o
[751/1191] Building CXX object cubrid/CMakeFiles/cubrid.dir/__/src/query/dblink_scan.c.o
[752/1191] Building CXX object cubrid/CMakeFiles/cubrid.dir/__/src/query/query_hash_join.c.o
[753/1191] Building CXX object cubrid/CMakeFiles/cubrid.dir/__/src/query/query_aggregate.cpp.o
[754/1191] Building CXX object cubrid/CMakeFiles/cubrid.dir/__/src/query/query_reevaluation.cpp.o
[755/1191] Building CXX object cubrid/CMakeFiles/cubrid.dir/__/src/loaddb/load_server_loader.cpp.o
[756/1191] Building CXX object cubrid/CMakeFiles/cubrid.dir/__/src/query/query_dump.c.o
[757/1191] Building CXX object cubrid/CMakeFiles/cubrid.dir/__/src/query/fetch.c.o
[758/1191] Building CXX object cubrid/CMakeFiles/cubrid.dir/__/src/query/partition.c.o
[759/1191] Building CXX object cubrid/CMakeFiles/cubrid.dir/__/src/query/regu_var.cpp.o
[760/1191] Building CXX object cubrid/CMakeFiles/cubrid.dir/__/src/query/query_hash_scan.c.o
[761/1191] Building CXX object cubrid/CMakeFiles/cubrid.dir/__/src/query/string_regex.cpp.o
[762/1191] Building CXX object cubrid/CMakeFiles/cubrid.dir/__/src/query/show_scan.c.o
[763/1191] Building CXX object cubrid/CMakeFiles/cubrid.dir/__/src/query/set_scan.c.o
[764/1191] Building CXX object cubrid/CMakeFiles/cubrid.dir/__/src/query/string_regex_re2.cpp.o
[765/1191] Building CXX object cubrid/CMakeFiles/cubrid.dir/__/src/query/list_file.c.o
[766/1191] Building CXX object cubrid/CMakeFiles/cubrid.dir/__/src/query/subquery_cache.c.o
[767/1191] Building CXX object cubrid/CMakeFiles/cubrid.dir/__/src/storage/btree_unique.cpp.o
[768/1191] Building CXX object cubrid/CMakeFiles/cubrid.dir/__/src/query/query_evaluator.c.o
[769/1191] Building CXX object cubrid/CMakeFiles/cubrid.dir/__/src/query/serial.c.o
[770/1191] Building CXX object cubrid/CMakeFiles/cubrid.dir/__/src/storage/byte_order.c.o
[771/1191] Building CXX object cubrid/CMakeFiles/cubrid.dir/__/src/query/scan_json_table.cpp.o
[772/1191] Building CXX object cubrid/CMakeFiles/cubrid.dir/__/src/query/query_manager.c.o
[773/1191] Building CXX object cubrid/CMakeFiles/cubrid.dir/__/src/query/query_opfunc.c.o
[774/1191] Building CXX object cubrid/CMakeFiles/cubrid.dir/__/src/storage/es.c.o
[775/1191] Building CXX object cubrid/CMakeFiles/cubrid.dir/__/src/storage/es_common.c.o
[776/1191] Building CXX object cubrid/CMakeFiles/cubrid.dir/__/src/query/stream_to_xasl.c.o
[777/1191] Building CXX object cubrid/CMakeFiles/cubrid.dir/__/src/query/string_opfunc.c.o
[778/1191] Building CXX object cubrid/CMakeFiles/cubrid.dir/__/src/query/temp_page_store.cpp.o
[779/1191] Building CXX object cubrid/CMakeFiles/cubrid.dir/__/src/query/scan_manager.c.o
[780/1191] Building CXX object cubrid/CMakeFiles/cubrid.dir/__/src/storage/es_posix.c.o
[781/1191] Building CXX object cubrid/CMakeFiles/cubrid.dir/__/src/storage/oid.c.o
[782/1191] Building CXX object cubrid/CMakeFiles/cubrid.dir/__/src/storage/storage_common.c.o
[783/1191] Building CXX object cubrid/CMakeFiles/cubrid.dir/__/src/query/memoize.cpp.o
[784/1191] Building CXX object cubrid/CMakeFiles/cubrid.dir/__/src/storage/es_owfs.c.o
[785/1191] Building CXX object cubrid/CMakeFiles/cubrid.dir/__/src/query/query_executor.c.o
[786/1191] Building CXX object cubrid/CMakeFiles/cubrid.dir/__/src/thread/critical_section_tracker.cpp.o
[787/1191] Building CXX object cubrid/CMakeFiles/cubrid.dir/__/src/session/session_sr.c.o
[788/1191] Building CXX object cubrid/CMakeFiles/cubrid.dir/__/src/storage/catalog_class.c.o
[789/1191] Building CXX object cubrid/CMakeFiles/cubrid.dir/__/src/storage/compactdb_sr.c.o
[790/1191] Building CXX object cubrid/CMakeFiles/cubrid.dir/__/src/storage/disk_manager.c.o
[791/1191] Building CXX object cubrid/CMakeFiles/cubrid.dir/__/src/storage/ftab_set.cpp.o
[792/1191] Building CXX object cubrid/CMakeFiles/cubrid.dir/__/src/session/session.c.o
[793/1191] Building CXX object cubrid/CMakeFiles/cubrid.dir/__/src/storage/extendible_hash.c.o
[794/1191] Building CXX object cubrid/CMakeFiles/cubrid.dir/__/src/thread/thread_daemon.cpp.o
[795/1191] Building CXX object cubrid/CMakeFiles/cubrid.dir/__/src/transaction/client_credentials.cpp.o
[796/1191] Building CXX object cubrid/CMakeFiles/cubrid.dir/__/src/query/xasl_cache.c.o
[797/1191] Building CXX object cubrid/CMakeFiles/cubrid.dir/__/src/query/string_regex_std.cpp.o
[798/1191] Building CXX object cubrid/CMakeFiles/cubrid.dir/__/src/thread/critical_section.c.o
[799/1191] Building CXX object cubrid/CMakeFiles/cubrid.dir/__/src/thread/thread_entry_task.cpp.o
[800/1191] Building CXX object cubrid/CMakeFiles/cubrid.dir/__/src/thread/thread_worker_pool_impl.cpp.o
[801/1191] Building CXX object cubrid/CMakeFiles/cubrid.dir/__/src/storage/double_write_buffer.cpp.o
[802/1191] Building CXX object cubrid/CMakeFiles/cubrid.dir/__/src/storage/tde.c.o
[803/1191] Building CXX object cubrid/CMakeFiles/cubrid.dir/__/src/storage/btree_load.c.o
[804/1191] Building CXX object cubrid/CMakeFiles/cubrid.dir/__/src/transaction/locator.c.o
[805/1191] Building CXX object cubrid/CMakeFiles/cubrid.dir/__/src/storage/statistics_sr.c.o
[806/1191] Building CXX object cubrid/CMakeFiles/cubrid.dir/__/src/storage/file_manager.c.o
[807/1191] Building CXX object cubrid/CMakeFiles/cubrid.dir/__/src/thread/thread_lockfree_hash_map.cpp.o
[808/1191] Building CXX object cubrid/CMakeFiles/cubrid.dir/__/src/thread/thread_worker_pool_taskcap.cpp.o
[809/1191] Building CXX object cubrid/CMakeFiles/cubrid.dir/__/src/storage/external_sort.c.o
[810/1191] Building CXX object cubrid/CMakeFiles/cubrid.dir/__/src/query/vacuum.c.o
[811/1191] Building CXX object cubrid/CMakeFiles/cubrid.dir/__/src/thread/thread_entry.cpp.o
[812/1191] Building CXX object cubrid/CMakeFiles/cubrid.dir/__/src/storage/file_io.c.o
[813/1191] Building CXX object cubrid/CMakeFiles/cubrid.dir/__/src/transaction/log_2pc.c.o
[814/1191] Building CXX object cubrid/CMakeFiles/cubrid.dir/__/src/thread/thread_manager.cpp.o
[815/1191] Building CXX object util/CMakeFiles/csql.dir/__/src/base/porting.c.o
[816/1191] Building CXX object cubrid/CMakeFiles/cubrid.dir/__/src/transaction/log_global.c.o
[817/1191] Building CXX object cubrid/CMakeFiles/cubrid.dir/__/src/storage/system_catalog.c.o
[818/1191] Building CXX object cubrid/CMakeFiles/cubrid.dir/__/src/transaction/log_comm.c.o
[819/1191] Building CXX object cubrid/CMakeFiles/cubrid.dir/__/src/transaction/log_postpone_cache.cpp.o
[820/1191] Building CXX object cubrid/CMakeFiles/cubrid.dir/__/src/transaction/log_append.cpp.o
[821/1191] Building CXX object cubrid/CMakeFiles/cubrid.dir/__/src/transaction/log_compress.c.o
[822/1191] Building CXX object cubrid/CMakeFiles/cubrid.dir/__/src/storage/heap_file.c.o
[823/1191] Building CXX object cubrid/CMakeFiles/cubrid.dir/__/src/storage/btree.c.o
[824/1191] Building CXX object cubrid/CMakeFiles/cubrid.dir/__/src/xasl/access_json_table.cpp.o
[825/1191] Building CXX object cubrid/CMakeFiles/cubrid.dir/__/src/transaction/log_recovery_redo.cpp.o
[826/1191] Building CXX object cubrid/CMakeFiles/cubrid.dir/__/src/transaction/boot_sr.c.o
[827/1191] Building CXX object cubrid/CMakeFiles/cubrid.dir/__/src/transaction/mvcc_table.cpp.o
[828/1191] Building CXX object cubrid/CMakeFiles/cubrid.dir/__/src/transaction/locator_sr.c.o
[829/1191] Building CXX object cubrid/CMakeFiles/cubrid.dir/__/src/xasl/xasl_unpack_info.cpp.o
[830/1191] Building CXX object util/CMakeFiles/cub_master.dir/__/src/executables/master_request.c.o
[831/1191] Building CXX object cubrid/CMakeFiles/cubrid.dir/__/src/transaction/mvcc_active_tran.cpp.o
[832/1191] Building CXX object cubrid/CMakeFiles/cubrid.dir/__/src/transaction/log_writer.c.o
[833/1191] Building CXX object cubrid/CMakeFiles/cubrid.dir/__/src/transaction/mvcc.c.o
[834/1191] Building CXX object cubrid/CMakeFiles/cubrid.dir/__/src/transaction/log_system_tran.cpp.o
[835/1191] Building CXX object cubrid/CMakeFiles/cubrid.dir/__/src/transaction/replication.c.o
[836/1191] Building CXX object cubrid/CMakeFiles/cubrid.dir/__/src/transaction/recovery.c.o
[837/1191] Building CXX object cubrid/CMakeFiles/cubrid.dir/__/src/transaction/log_recovery.c.o
[838/1191] Building CXX object cubrid/CMakeFiles/cubrid.dir/__/src/xasl/xasl_analytic.cpp.o
[839/1191] Building CXX object cubrid/CMakeFiles/cubrid.dir/__/src/transaction/flashback.c.o
[840/1191] Building CXX object cubrid/CMakeFiles/cubrid.dir/__/src/xasl/xasl_predicate.cpp.o
[841/1191] Building CXX object cubrid/CMakeFiles/cubrid.dir/__/src/transaction/log_recovery_redo_parallel.cpp.o
[842/1191] Building CXX object cubrid/CMakeFiles/cubrid.dir/__/src/transaction/lock_manager.c.o
[843/1191] Building CXX object cubrid/CMakeFiles/cubrid.dir/__/src/transaction/log_tran_table.c.o
[844/1191] Building CXX object cubrid/CMakeFiles/cubrid.dir/__/src/xasl/xasl_stream.cpp.o
[845/1191] Building CXX object cubrid/CMakeFiles/cubrid.dir/__/src/xasl/xasl_spawner.cpp.o
[846/1191] Building CXX object cubrid/CMakeFiles/cubrid.dir/__/src/transaction/transaction_sr.c.o
[847/1191] Building CXX object cubrid/CMakeFiles/cubrid.dir/__/src/query/parallel/px_hash_join/px_hash_join_spawn_manager.cpp.o
[848/1191] Building CXX object cubrid/CMakeFiles/cubrid.dir/__/src/query/parallel/px_scan/px_scan_input_handler_list.cpp.o
[849/1191] Building CXX object util/CMakeFiles/csql.dir/__/src/executables/util_support.c.o
[850/1191] Building CXX object cubrid/CMakeFiles/cubrid.dir/__/src/query/parallel/px_sort.c.o
[851/1191] Building CXX object cubrid/CMakeFiles/cubrid.dir/__/src/query/parallel/px_scan/px_scan_input_handler_heap.cpp.o
[852/1191] Building CXX object cubrid/CMakeFiles/cubrid.dir/__/src/transaction/log_page_buffer.c.o
[853/1191] Building CXX object cubrid/CMakeFiles/cubrid.dir/__/src/xasl/xasl_iteration.cpp.o
[854/1191] Building CXX object util/CMakeFiles/csql.dir/__/src/base/cubrid_getopt_long.c.o
[855/1191] Building CXX object cubrid/CMakeFiles/cubrid.dir/__/src/query/parallel/px_callable_task.cpp.o
[856/1191] Building CXX object cubrid/CMakeFiles/cubrid.dir/__/src/query/parallel/px_worker_manager.cpp.o
[857/1191] Building CXX object util/CMakeFiles/csql.dir/__/src/executables/csql_launcher.c.o
[858/1191] Building CXX object util/CMakeFiles/cubrid-bin.dir/__/src/executables/util_support.c.o
[859/1191] Building CXX object cubrid/CMakeFiles/cubrid.dir/__/src/query/parallel/px_hash_join/px_hash_join_task_manager.cpp.o
[860/1191] Building CXX object cubrid/CMakeFiles/cubrid.dir/__/src/transaction/log_manager.c.o
[861/1191] Building CXX object util/CMakeFiles/cub_commdb.dir/__/src/executables/util_support.c.o
[862/1191] Building CXX object cubrid/CMakeFiles/cubrid.dir/__/src/query/parallel/px_scan/px_scan_slot_iterator.cpp.o
[863/1191] Building CXX object cubrid/CMakeFiles/cubrid.dir/__/src/query/parallel/px_scan/px_scan_input_handler_index.cpp.o
[864/1191] Building CXX object cubrid/CMakeFiles/cubrid.dir/__/src/query/parallel/px_hash_join/px_hash_join.cpp.o
[865/1191] Building CXX object cubrid/CMakeFiles/cubrid.dir/__/src/query/parallel/px_scan/index/px_scan_index_leaf_page_dispatcher.cpp.o
[866/1191] Building CXX object util/CMakeFiles/cubrid_rel.dir/__/src/executables/cubrid_version.c.o
[867/1191] Building CXX object util/CMakeFiles/cub_master.dir/__/src/executables/master_util.c.o
[868/1191] Building CXX object util/CMakeFiles/gencat.dir/__/src/base/porting.c.o
[869/1191] Building CXX object cubrid/CMakeFiles/cubrid.dir/__/src/query/parallel/px_scan/index/px_scan_index_overflow_drain_fsm.cpp.o
[870/1191] Building CXX object util/CMakeFiles/cub_admin.dir/__/src/base/cubrid_getopt_long.c.o
[871/1191] Building CXX object util/CMakeFiles/cub_admin.dir/__/src/executables/util_support.c.o
[872/1191] Building CXX object util/CMakeFiles/cub_admin.dir/__/src/base/porting.c.o
[873/1191] Building C object util/CMakeFiles/gencat.dir/__/src/executables/gencat.c.o
[874/1191] Building CXX object util/CMakeFiles/cub_master.dir/__/src/executables/master_server_monitor.cpp.o
[875/1191] Building CXX object util/CMakeFiles/cub_master.dir/__/src/executables/master_heartbeat.c.o
[876/1191] Building CXX object cubrid/CMakeFiles/cubrid.dir/__/src/query/parallel/px_scan/px_scan_slot_iterator_list.cpp.o
[877/1191] Building CXX object util/CMakeFiles/cub_commdb.dir/__/src/executables/master_util.c.o
[878/1191] Linking CXX executable bin/gencat
[879/1191] Building CXX object cubrid/CMakeFiles/cubrid.dir/__/src/query/parallel/px_parallel.cpp.o
[880/1191] Building CXX object cubrid/CMakeFiles/cubrid.dir/__/src/query/parallel/px_scan/px_scan_join_info.cpp.o
[881/1191] Building CXX object util/CMakeFiles/cub_commdb.dir/__/src/executables/commdb.c.o
[882/1191] Building CXX object cubrid/CMakeFiles/cubrid.dir/__/src/query/parallel/px_scan/index/px_scan_index_overflow_chain_pool.cpp.o
[883/1191] Building CXX object cubrid/CMakeFiles/cubrid.dir/__/src/query/parallel/px_scan/px_scan_slot_iterator_index.cpp.o
[884/1191] Building CXX object cubrid/CMakeFiles/cubrid.dir/__/src/query/parallel/px_scan/index/px_scan_index_key_range_list.cpp.o
[885/1191] Building CXX object util/CMakeFiles/unittests_bit.dir/__/src/executables/unittests_bit.c.o
[886/1191] Building CXX object util/CMakeFiles/cubrid-bin.dir/__/src/executables/util_service.c.o
[887/1191] Building CXX object cubrid-cci/cci/CMakeFiles/cascci.dir/__/src/base/porting.c.o
[888/1191] Building CXX object util/CMakeFiles/unittests_lf.dir/__/src/executables/unittests_lf.c.o
[889/1191] Building CXX object cubrid/CMakeFiles/cubrid.dir/__/src/query/parallel/px_worker_manager_global.cpp.o
[890/1191] Building CXX object util/CMakeFiles/cub_master.dir/__/src/executables/master.c.o
[891/1191] Building CXX object cubrid-cci/cci/CMakeFiles/cascci.dir/__/src/cci/cci_t_lob.c.o
[892/1191] Building CXX object cubrid-cci/cci/CMakeFiles/cascci.dir/__/src/cci/cci_net_buf.c.o
[893/1191] Building CXX object util/CMakeFiles/cub_admin.dir/__/src/executables/util_admin.c.o
[894/1191] Building CXX object cubrid/CMakeFiles/cubrid.dir/__/src/sp/pl_struct_compile.cpp.o
[895/1191] Building CXX object cubrid/CMakeFiles/cubrid.dir/__/src/query/parallel/px_scan/px_scan_trace_handler.cpp.o
[896/1191] Building CXX object cubrid-cci/cci/CMakeFiles/cascci.dir/__/src/cci/cci_network.c.o
[897/1191] Building CXX object cubrid-cci/tools/CMakeFiles/cci_applier.dir/__/src/base/cubrid_getopt_long.c.o
[898/1191] Building CXX object cubrid-cci/cci/CMakeFiles/cascci.dir/__/src/cci/cci_handle_mng.c.o
[899/1191] Building CXX object cubrid-cci/cci/CMakeFiles/cascci.dir/__/src/cci/cci_t_set.c.o
[900/1191] Building CXX object broker/CMakeFiles/cub_broker.dir/__/src/broker/broker_access_list.c.o
[901/1191] Building CXX object cubrid-cci/cci/CMakeFiles/cascci.dir/__/src/cci/cci_common.c.o
[902/1191] Building CXX object util/CMakeFiles/cub_pl.dir/__/src/executables/pl.cpp.o
[903/1191] Building CXX object broker/CMakeFiles/cub_broker.dir/__/src/broker/broker_error.c.o
[904/1191] Building CXX object cubrid-cci/tools/CMakeFiles/cci_applier.dir/__/src/tools/cci_applier.c.o
[905/1191] Building CXX object cubrid/CMakeFiles/cubrid.dir/__/src/query/parallel/px_scan/index/px_scan_index_leaf_slot_walker.cpp.o
[906/1191] Building CXX object util/CMakeFiles/cub_pl.dir/__/src/sp/pl_sr_jvm.cpp.o
[907/1191] Building CXX object cubrid-cci/cci/CMakeFiles/cascci.dir/__/src/cci/cci_ssl.c.o
[908/1191] Building CXX object cubrid-cci/cci/CMakeFiles/cascci.dir/__/src/cci/cas_cci.c.o
[909/1191] Building CXX object broker/CMakeFiles/cub_broker.dir/__/src/broker/broker_process_size.c.o
[910/1191] Building CXX object broker/CMakeFiles/cub_broker.dir/__/src/broker/broker_max_heap.c.o
[911/1191] Building CXX object cubrid-cci/cci/CMakeFiles/cascci.dir/__/src/cci/cci_properties.c.o
[912/1191] Building CXX object broker/CMakeFiles/cub_broker.dir/__/src/broker/broker_shm.c.o
[913/1191] Building CXX object broker/CMakeFiles/cub_broker.dir/__/src/broker/broker_send_fd.c.o
[914/1191] Building CXX object cubrid/CMakeFiles/cubrid.dir/__/src/query/parallel/px_thread_safe_queue.cpp.o
[915/1191] Building CXX object broker/CMakeFiles/cub_broker.dir/__/src/broker/broker_util.c.o
[916/1191] Building CXX object cubrid-cci/cci/CMakeFiles/cascci.dir/__/src/cci/cci_query_execute.c.o
[917/1191] Building CXX object cubrid/CMakeFiles/cubrid.dir/__/src/query/parallel/px_scan/px_scan_task.cpp.o
[918/1191] Building CXX object cubrid/CMakeFiles/cubrid.dir/__/src/query/parallel/px_scan/px_scan_result_handler.cpp.o
[919/1191] Building CXX object broker/CMakeFiles/cub_gateway.dir/__/src/broker/broker_error.c.o
[920/1191] Building CXX object broker/CMakeFiles/cub_gateway.dir/__/src/broker/broker_max_heap.c.o
[921/1191] Building CXX object broker/CMakeFiles/cub_gateway.dir/__/src/broker/broker_process_size.c.o
[922/1191] Building CXX object util/CMakeFiles/unittests_area.dir/__/src/base/memory_monitor_api.cpp.o
[923/1191] Building CXX object broker/CMakeFiles/broker_monitor.dir/__/src/broker/broker_process_info.c.o
[924/1191] Building CXX object cubrid-cci/cci/CMakeFiles/cascci.dir/__/src/cci/cci_map.cpp.o
[925/1191] Building CXX object util/CMakeFiles/unittests_snapshot.dir/__/src/base/memory_monitor_api.cpp.o
[926/1191] Building CXX object util/CMakeFiles/unittests_lf.dir/__/src/base/porting.c.o
[927/1191] Building CXX object broker/CMakeFiles/cub_gateway.dir/__/src/broker/broker_access_list.c.o
[928/1191] Building CXX object util/CMakeFiles/unittests_area.dir/__/src/executables/unittests_area.c.o
[929/1191] Building CXX object broker/CMakeFiles/cub_gateway.dir/__/src/broker/broker_send_fd.c.o
[930/1191] Building CXX object util/CMakeFiles/unittests_lf.dir/__/src/base/memory_monitor_api.cpp.o
[931/1191] Building CXX object broker/CMakeFiles/cub_gateway.dir/__/src/broker/broker_shm.c.o
[932/1191] Building CXX object broker/CMakeFiles/broker_monitor.dir/__/src/broker/broker_error.c.o
[933/1191] Building CXX object broker/CMakeFiles/cub_gateway.dir/__/src/broker/broker_util.c.o
[934/1191] Building CXX object util/CMakeFiles/unittests_bit.dir/__/src/base/memory_monitor_api.cpp.o
[935/1191] Building CXX object broker/CMakeFiles/cub_broker.dir/__/src/broker/broker_proxy_conn.c.o
[936/1191] Building CXX object util/CMakeFiles/cub_server.dir/__/src/executables/server.c.o
[937/1191] Building CXX object broker/CMakeFiles/broker_monitor.dir/__/src/broker/broker_process_size.c.o
[938/1191] Building CXX object cubrid/CMakeFiles/cubrid.dir/__/src/query/parallel/px_query_execute/px_query_task.cpp.o
[939/1191] Building CXX object broker/CMakeFiles/cub_broker.dir/__/src/broker/broker_filename.c.o
[940/1191] Building CXX object broker/CMakeFiles/cub_broker.dir/__/src/broker/shard_metadata.c.o
[941/1191] Building CXX object cubrid-cci/cci/CMakeFiles/cascci.dir/__/src/cci/cci_log.cpp.o
[942/1191] Building CXX object broker/CMakeFiles/cub_broker.dir/__/src/broker/broker.c.o
[943/1191] Building CXX object broker/CMakeFiles/broker_monitor.dir/__/src/broker/broker_max_heap.c.o
[944/1191] Building CXX object cubrid/CMakeFiles/cubrid.dir/__/src/query/parallel/px_query_execute/px_query_executor.cpp.o
[945/1191] Building CXX object broker/CMakeFiles/gateway_monitor.dir/__/src/broker/broker_error.c.o
[946/1191] Building CXX object cubrid/CMakeFiles/cubrid.dir/__/src/query/parallel/px_scan/px_scan.cpp.o
[947/1191] Building CXX object broker/CMakeFiles/broker_monitor.dir/__/src/broker/broker_util.c.o
[948/1191] Building CXX object broker/CMakeFiles/cub_broker.dir/__/src/broker/shard_shm.c.o
[949/1191] Building CXX object broker/CMakeFiles/broker_monitor.dir/__/src/broker/broker_shm.c.o
[950/1191] Building CXX object broker/CMakeFiles/gateway_monitor.dir/__/src/broker/broker_process_size.c.o
[951/1191] Building CXX object broker/CMakeFiles/gateway_monitor.dir/__/src/broker/broker_process_info.c.o
[952/1191] Building CXX object broker/CMakeFiles/cub_gateway.dir/__/src/broker/broker_filename.c.o
[953/1191] Building CXX object broker/CMakeFiles/cub_gateway.dir/__/src/broker/broker_proxy_conn.c.o
[954/1191] Building CXX object util/CMakeFiles/unittests_lf.dir/__/src/base/lock_free.c.o
[955/1191] Building CXX object broker/CMakeFiles/gateway_monitor.dir/__/src/broker/broker_max_heap.c.o
[956/1191] Building CXX object broker/CMakeFiles/broker_changer.dir/__/src/broker/broker_error.c.o
[957/1191] Building CXX object broker/CMakeFiles/cub_gateway.dir/__/src/broker/shard_shm.c.o
[958/1191] Building CXX object broker/CMakeFiles/broker_changer.dir/__/src/broker/broker_process_size.c.o
[959/1191] Building CXX object broker/CMakeFiles/broker_monitor.dir/__/src/base/util_func.c.o
[960/1191] Building CXX object broker/CMakeFiles/broker_monitor.dir/__/src/broker/broker_monitor.c.o
[961/1191] Building CXX object broker/CMakeFiles/gateway_monitor.dir/__/src/broker/broker_shm.c.o
[962/1191] Building CXX object broker/CMakeFiles/cub_gateway.dir/__/src/broker/broker.c.o
[963/1191] Building CXX object broker/CMakeFiles/gateway_monitor.dir/__/src/broker/broker_util.c.o
[964/1191] Building CXX object broker/CMakeFiles/broker_changer.dir/__/src/broker/broker_changer.c.o
[965/1191] Building CXX object broker/CMakeFiles/broker_changer.dir/__/src/broker/shard_key_func.c.o
[966/1191] Building CXX object broker/CMakeFiles/broker_changer.dir/__/src/broker/broker_acl.c.o
[967/1191] Building CXX object broker/CMakeFiles/broker_changer.dir/__/src/broker/broker_max_heap.c.o
[968/1191] Building CXX object broker/CMakeFiles/broker_monitor.dir/__/src/broker/broker_filename.c.o
[969/1191] Building CXX object broker/CMakeFiles/gateway_monitor.dir/__/src/base/util_func.c.o
[970/1191] Building CXX object broker/CMakeFiles/cubrid_broker.dir/__/src/broker/broker_error.c.o
[971/1191] Building CXX object broker/CMakeFiles/cub_gateway.dir/__/src/broker/shard_metadata.c.o
[972/1191] Building CXX object broker/CMakeFiles/broker_changer.dir/__/src/broker/broker_shm.c.o
[973/1191] Building CXX object broker/CMakeFiles/broker_changer.dir/__/src/broker/broker_util.c.o
[974/1191] Building CXX object broker/CMakeFiles/broker_monitor.dir/__/src/broker/shard_shm.c.o
[975/1191] Building CXX object broker/CMakeFiles/cubrid_broker.dir/__/src/base/porting.c.o
[976/1191] Building CXX object broker/CMakeFiles/broker_monitor.dir/__/src/broker/shard_metadata.c.o
[977/1191] Building CXX object broker/CMakeFiles/cubrid_broker.dir/__/src/broker/shard_key_func.c.o
[978/1191] Building CXX object broker/CMakeFiles/broker_monitor.dir/__/src/broker/cas_util.c.o
[979/1191] Building CXX object broker/CMakeFiles/broker_monitor.dir/__/src/broker/broker_config.c.o
[980/1191] Building CXX object broker/CMakeFiles/cubrid_broker.dir/__/src/broker/broker_process_size.c.o
[981/1191] Building CXX object broker/CMakeFiles/cubrid_broker.dir/__/src/broker/broker_max_heap.c.o
[982/1191] Building CXX object broker/CMakeFiles/cubrid_broker.dir/__/src/broker/broker_acl.c.o
[983/1191] Building CXX object broker/CMakeFiles/gateway_monitor.dir/__/src/broker/broker_filename.c.o
[984/1191] Building CXX object broker/CMakeFiles/gateway_monitor.dir/__/src/broker/broker_config.c.o
[985/1191] Building CXX object broker/CMakeFiles/cubrid_broker.dir/__/src/broker/broker_util.c.o
[986/1191] Building CXX object broker/CMakeFiles/cubrid_gateway.dir/__/src/broker/broker_error.c.o
[987/1191] Building CXX object broker/CMakeFiles/cubrid_gateway.dir/__/src/broker/shard_key_func.c.o
[988/1191] Building CXX object broker/CMakeFiles/gateway_monitor.dir/__/src/broker/broker_monitor.c.o
[989/1191] Building CXX object broker/CMakeFiles/cubrid_gateway.dir/__/src/broker/broker_process_size.c.o
[990/1191] Building CXX object broker/CMakeFiles/broker_changer.dir/__/src/broker/broker_filename.c.o
[991/1191] Building CXX object broker/CMakeFiles/gateway_monitor.dir/__/src/broker/shard_shm.c.o
[992/1191] Building CXX object broker/CMakeFiles/broker_changer.dir/__/src/broker/shard_metadata.c.o
[993/1191] Building CXX object broker/CMakeFiles/cubrid_broker.dir/__/src/broker/broker_shm.c.o
[994/1191] Building CXX object broker/CMakeFiles/gateway_monitor.dir/__/src/broker/cas_util.c.o
[995/1191] Building CXX object broker/CMakeFiles/cubrid_gateway.dir/__/src/broker/broker_max_heap.c.o
[996/1191] Building CXX object broker/CMakeFiles/gateway_monitor.dir/__/src/broker/shard_metadata.c.o
[997/1191] Building CXX object broker/CMakeFiles/cubrid_gateway.dir/__/src/broker/broker_acl.c.o
[998/1191] Building CXX object broker/CMakeFiles/cubrid_gateway.dir/__/src/base/porting.c.o
[999/1191] Building CXX object broker/CMakeFiles/broker_changer.dir/__/src/broker/shard_shm.c.o
[1000/1191] Building CXX object broker/CMakeFiles/cubrid_gateway.dir/__/src/broker/broker_util.c.o
[1001/1191] Building CXX object broker/CMakeFiles/cubrid_broker.dir/__/src/base/util_func.c.o
[1002/1191] Building CXX object broker/CMakeFiles/cas_common_lib.dir/__/src/broker/cas_meta.c.o
[1003/1191] Building CXX object broker/CMakeFiles/broker_changer.dir/__/src/broker/broker_config.c.o
[1004/1191] Building CXX object broker/CMakeFiles/cas_common_lib.dir/__/src/broker/cas_optimization.c.o
[1005/1191] Building CXX object broker/CMakeFiles/cubrid_gateway.dir/__/src/broker/broker_shm.c.o
[1006/1191] Building CXX object broker/CMakeFiles/cas_common_lib.dir/__/src/broker/cas_sql_log2.c.o
[1007/1191] Building CXX object broker/CMakeFiles/cubrid_broker.dir/__/src/broker/broker_admin.c.o
[1008/1191] Building CXX object broker/CMakeFiles/broker_changer.dir/__/src/broker/broker_admin_pub.c.o
[1009/1191] Building CXX object broker/CMakeFiles/cubrid_broker.dir/__/src/broker/broker_filename.c.o
[1010/1191] Building CXX object broker/CMakeFiles/cas_common_lib.dir/__/src/broker/cas_common_vars.c.o
[1011/1191] Building CXX object util/CMakeFiles/unittests_snapshot.dir/__/src/executables/unittests_snapshot.c.o
[1012/1191] Building CXX object broker/CMakeFiles/cas_common_lib.dir/__/src/broker/cas_network.c.o
[1013/1191] Building CXX object broker/CMakeFiles/cubrid_broker.dir/__/src/broker/shard_metadata.c.o
[1014/1191] Building CXX object broker/CMakeFiles/cubrid_broker.dir/__/src/broker/broker_config.c.o
[1015/1191] Building CXX object broker/CMakeFiles/cas_common_lib.dir/__/src/broker/broker_acl.c.o
[1016/1191] Building CXX object broker/CMakeFiles/cubrid_gateway.dir/__/src/base/util_func.c.o
[1017/1191] Building CXX object broker/CMakeFiles/cas_common_lib.dir/__/src/broker/cas_ssl.c.o
[1018/1191] Building CXX object broker/CMakeFiles/cub_cas.dir/__/src/broker/broker_recv_fd.c.o
[1019/1191] Building CXX object broker/CMakeFiles/cubrid_broker.dir/__/src/broker/shard_shm.c.o
[1020/1191] Building CXX object broker/CMakeFiles/cub_cas.dir/__/src/broker/cas_schema_info.c.o
[1021/1191] Building CXX object broker/CMakeFiles/cub_cas.dir/__/src/broker/broker_error.c.o
[1022/1191] Building CXX object broker/CMakeFiles/cubrid_gateway.dir/__/src/broker/broker_admin.c.o
[1023/1191] Building CXX object broker/CMakeFiles/cubrid_gateway.dir/__/src/broker/broker_filename.c.o
[1024/1191] Building CXX object broker/CMakeFiles/cubrid_gateway.dir/__/src/broker/shard_shm.c.o
[1025/1191] Building CXX object broker/CMakeFiles/cas_common_lib.dir/__/src/broker/broker_util.c.o
[1026/1191] Building CXX object broker/CMakeFiles/cubrid_broker.dir/__/src/broker/broker_admin_pub.c.o
[1027/1191] Building CXX object broker/CMakeFiles/cas_common_lib.dir/__/src/broker/broker_shm.c.o
[1028/1191] Building CXX object broker/CMakeFiles/cubrid_gateway.dir/__/src/broker/broker_config.c.o
[1029/1191] Building CXX object broker/CMakeFiles/cub_cas.dir/__/src/broker/broker_process_size.c.o
[1030/1191] Building CXX object broker/CMakeFiles/cas_common_lib.dir/__/src/broker/cas_handle.c.o
[1031/1191] Building CXX object broker/CMakeFiles/cub_cas_cgw.dir/__/src/broker/broker_process_size.c.o
[1032/1191] Building CXX object broker/CMakeFiles/cas_common_lib.dir/__/src/broker/cas_util.c.o
[1033/1191] Building CXX object broker/CMakeFiles/cas_common_lib.dir/__/src/broker/cas_error.c.o
[1034/1191] Building CXX object broker/CMakeFiles/cas_common_lib.dir/__/src/broker/broker_filename.c.o
[1035/1191] Building CXX object broker/CMakeFiles/cub_cas_cgw.dir/__/src/broker/broker_recv_fd.c.o
[1036/1191] Building CXX object broker/CMakeFiles/cas_common_lib.dir/__/src/broker/cas_common_function.c.o
[1037/1191] Building CXX object broker/CMakeFiles/cas_common_lib.dir/__/src/broker/cas_log.c.o
[1038/1191] Building CXX object broker/CMakeFiles/cub_cas_cgw.dir/__/src/broker/broker_error.c.o
[1039/1191] Building CXX object util/CMakeFiles/loadjava.dir/__/src/executables/loadjava.cpp.o
[1040/1191] Building CXX object broker/CMakeFiles/cubrid_gateway.dir/__/src/broker/shard_metadata.c.o
[1041/1191] Building CXX object broker/CMakeFiles/cubrid_gateway.dir/__/src/broker/broker_admin_pub.c.o
[1042/1191] Building CXX object broker/CMakeFiles/cas_common_lib.dir/__/src/broker/cas_net_buf.c.o
[1043/1191] Building CXX object broker/CMakeFiles/cub_proxy.dir/__/src/broker/shard_key_func.c.o
[1044/1191] Building CXX object broker/CMakeFiles/cas_common_lib.dir/__/src/broker/cas_common_execute.c.o
[1045/1191] Building CXX object broker/CMakeFiles/cub_proxy.dir/__/src/broker/broker_process_size.c.o
[1046/1191] Building CXX object broker/CMakeFiles/cub_proxy.dir/__/src/broker/broker_error.c.o
[1047/1191] Building CXX object broker/CMakeFiles/broker_log_converter.dir/__/src/broker/broker_log_util.c.o
[1048/1191] Building CXX object broker/CMakeFiles/cub_proxy.dir/__/src/broker/broker_recv_fd.c.o
[1049/1191] Building CXX object broker/CMakeFiles/cub_proxy.dir/__/src/broker/shard_parser.c.o
[1050/1191] Building CXX object broker/CMakeFiles/broker_log_converter.dir/__/src/broker/broker_log_converter.c.o
[1051/1191] Building CXX object broker/CMakeFiles/cub_cas.dir/__/src/broker/cas_str_like.c.o
[1052/1191] Building CXX object broker/CMakeFiles/cub_proxy.dir/__/src/broker/cas_meta.c.o
[1053/1191] Building CXX object broker/CMakeFiles/cub_proxy.dir/__/src/broker/broker_shm.c.o
[1054/1191] Building CXX object broker/CMakeFiles/broker_log_converter.dir/__/src/broker/log_top_string.c.o
[1055/1191] Building CXX object broker/CMakeFiles/cub_proxy.dir/__/src/broker/broker_acl.c.o
[1056/1191] Building CXX object broker/CMakeFiles/cub_cas.dir/__/src/broker/cas_xa.c.o
[1057/1191] Building CXX object broker/CMakeFiles/broker_log_runner.dir/__/src/broker/log_top_string.c.o
[1058/1191] Building CXX object broker/CMakeFiles/cub_proxy.dir/__/src/broker/shard_proxy.c.o
[1059/1191] Building CXX object broker/CMakeFiles/broker_log_runner.dir/__/src/broker/broker_log_util.c.o
[1060/1191] Building CXX object cubrid-cci/cci/CMakeFiles/cascci.dir/__/src/cci/cci_util.c.o
[1061/1191] Building CXX object broker/CMakeFiles/cub_proxy.dir/__/src/broker/broker_util.c.o
[1062/1191] Building CXX object broker/CMakeFiles/cas_cgw_lib.dir/__/src/broker/cas_cgw_odbc.c.o
[1063/1191] Building CXX object broker/CMakeFiles/broker_tester.dir/__/src/broker/broker_error.c.o
[1064/1191] Building CXX object broker/CMakeFiles/broker_log_top.dir/__/src/broker/broker_log_time.c.o
[1065/1191] Building CXX object broker/CMakeFiles/broker_log_runner.dir/__/src/broker/cas_runner.c.o
[1066/1191] Building CXX object broker/CMakeFiles/cub_proxy.dir/__/src/broker/cas_util.c.o
[1067/1191] Building CXX object broker/CMakeFiles/cub_proxy.dir/__/src/broker/broker_filename.c.o
[1068/1191] Building CXX object broker/CMakeFiles/cub_proxy.dir/__/src/broker/shard_proxy_queue.c.o
[1069/1191] Building CXX object broker/CMakeFiles/broker_tester.dir/__/src/broker/broker_tester.c.o
[1070/1191] Building CXX object broker/CMakeFiles/broker_log_top.dir/__/src/broker/broker_log_top.c.o
[1071/1191] Building CXX object broker/CMakeFiles/broker_log_top.dir/__/src/broker/broker_error.c.o
[1072/1191] Building CXX object broker/CMakeFiles/broker_tester.dir/__/src/broker/broker_util.c.o
[1073/1191] Building CXX object broker/CMakeFiles/broker_log_top.dir/__/src/broker/cas_query_info.c.o
[1074/1191] Building CXX object broker/CMakeFiles/cub_proxy.dir/__/src/broker/shard_proxy_io.c.o
[1075/1191] Building CXX object broker/CMakeFiles/cub_proxy.dir/__/src/broker/shard_statement.c.o
[1076/1191] Building CXX object broker/CMakeFiles/broker_log_top.dir/__/src/broker/broker_log_sql_list.c.o
[1077/1191] Building CXX object broker/CMakeFiles/cub_proxy.dir/__/src/broker/shard_metadata.c.o
[1078/1191] Building CXX object broker/CMakeFiles/broker_log_top.dir/__/src/broker/broker_log_top_tran.c.o
[1079/1191] Building CXX object broker/CMakeFiles/broker_log_top.dir/__/src/broker/log_top_string.c.o
[1080/1191] Building CXX object broker/CMakeFiles/broker_tester.dir/__/src/broker/broker_shm.c.o
[1081/1191] Building CXX object broker/CMakeFiles/cub_proxy.dir/__/src/broker/shard_proxy_handler.c.o
[1082/1191] Building CXX object broker/CMakeFiles/broker_log_top.dir/__/src/broker/broker_log_util.c.o
[1083/1191] Building CXX object broker/CMakeFiles/cub_proxy.dir/__/src/broker/shard_shm.c.o
[1084/1191] Building CXX object broker/CMakeFiles/cub_proxy.dir/__/src/broker/shard_proxy_function.c.o
[1085/1191] Building CXX object broker/CMakeFiles/cub_proxy.dir/__/src/broker/shard_proxy_log.c.o
[1086/1191] Building CXX object broker/CMakeFiles/cubrid_replay.dir/__/src/broker/broker_log_util.c.o
[1087/1191] Building CXX object broker/CMakeFiles/brokeradmin.dir/__/src/broker/broker_error.c.o
[1088/1191] Building CXX object broker/CMakeFiles/cubrid_replay.dir/__/src/broker/log_top_string.c.o
[1089/1191] Building CXX object broker/CMakeFiles/cas_common_lib.dir/__/src/broker/cas_common_main.c.o
[1090/1191] Building CXX object broker/CMakeFiles/cub_proxy.dir/__/src/broker/cas_net_buf.c.o
[1091/1191] Building CXX object broker/CMakeFiles/broker_log_top.dir/__/src/broker/broker_util.c.o
[1092/1191] Building CXX object broker/CMakeFiles/cas_cgw_lib.dir/__/src/broker/cas_cgw_execute.c.o
[1093/1191] Building CXX object broker/CMakeFiles/brokeradmin.dir/__/src/broker/broker_max_heap.c.o
[1094/1191] Building CXX object broker/CMakeFiles/broker_tester.dir/__/src/broker/broker_filename.c.o
[1095/1191] Building CXX object broker/CMakeFiles/brokeradmin.dir/__/src/broker/shard_key_func.c.o
[1096/1191] Building CXX object broker/CMakeFiles/cas_common_lib.dir/__/src/base/ddl_log.c.o
[1097/1191] Building CXX object broker/CMakeFiles/brokeradmin.dir/__/src/broker/broker_process_size.c.o
[1098/1191] Building CXX object broker/CMakeFiles/cub_cas.dir/__/src/broker/cas.c.o
[1099/1191] Building CXX object broker/CMakeFiles/broker_log_top.dir/__/src/broker/broker_shm.c.o
[1100/1191] Generating csql.cat for en_US.utf8
[1101/1191] Building CXX object cm_common/CMakeFiles/cmstat.dir/__/src/cm_common/cm_errmsg.c.o
[1102/1191] Generating utils.cat for en_US.utf8
[1103/1191] Building CXX object broker/CMakeFiles/brokeradmin.dir/__/src/broker/broker_process_info.c.o
[1104/1191] Generating cubrid.cat for en_US.utf8
[1105/1191] Building CXX object broker/CMakeFiles/brokeradmin.dir/__/src/broker/broker_acl.c.o
[1106/1191] Generating csql.cat for en_US
[1107/1191] Generating csql.cat for ko_KR.utf8
[1108/1191] Building CXX object broker/CMakeFiles/brokeradmin.dir/__/src/broker/broker_util.c.o
[1109/1191] Generating utils.cat for en_US
[1110/1191] Building CXX object broker/CMakeFiles/cub_cas.dir/__/src/broker/cas_function.c.o
[1111/1191] Generating utils.cat for ko_KR.utf8
[1112/1191] Building CXX object broker/CMakeFiles/broker_tester.dir/__/src/broker/shard_shm.c.o
[1113/1191] Generating cubrid.cat for ko_KR.utf8
[1114/1191] Building CXX object broker/CMakeFiles/broker_tester.dir/__/src/broker/broker_config.c.o
[1115/1191] Generating csql.cat for ko_KR.euckr
[1116/1191] Generating cubrid.cat for en_US
[1117/1191] Generating utils.cat for ko_KR.euckr
[1118/1191] Generating cubrid.cat for ko_KR.euckr
[1119/1191] Building CXX object broker/CMakeFiles/broker_tester.dir/__/src/broker/shard_metadata.c.o
[1120/1191] Building CXX object broker/CMakeFiles/brokeradmin.dir/__/src/broker/broker_shm.c.o
[1121/1191] Building CXX object cm_common/CMakeFiles/cmstat.dir/__/src/cm_common/cm_broker_admin.c.o
[1122/1191] Building CXX object broker/CMakeFiles/cubrid_replay.dir/__/src/broker/broker_log_replay.c.o
[1123/1191] Building CXX object broker/CMakeFiles/cas_cgw_lib.dir/__/src/broker/cas_cgw_function.c.o
[1124/1191] Linking CXX shared library cubrid-cci/cci/libcascci.so.11.2
[1125/1191] Building CXX object broker/CMakeFiles/broker_log_top.dir/__/src/broker/broker_filename.c.o
[1126/1191] Creating library symlink cubrid-cci/cci/libcascci.so
[1127/1191] Building CXX object broker/CMakeFiles/cub_cas_cgw.dir/__/src/broker/cas_cgw.c.o
[1128/1191] Building CXX object broker/CMakeFiles/broker_log_top.dir/__/src/broker/shard_metadata.c.o
[1129/1191] Building CXX object cm_common/CMakeFiles/cmstat.dir/__/src/cm_common/cm_utils.c.o
[1130/1191] Building CXX object broker/CMakeFiles/broker_log_top.dir/__/src/broker/broker_config.c.o
[1131/1191] Building CXX object cm_common/CMakeFiles/cmdep.dir/__/src/cm_common/cm_utils.c.o
[1132/1191] Linking CXX executable bin/cci_applier
[1133/1191] Building CXX object broker/CMakeFiles/broker_log_top.dir/__/src/broker/shard_shm.c.o
[1134/1191] Building CXX object cm_common/CMakeFiles/cmstat.dir/__/src/cm_common/cm_mem_cpu_stat.c.o
[1135/1191] Building CXX object broker/CMakeFiles/brokeradmin.dir/__/src/broker/broker_admin_so.c.o
[1136/1191] Building CXX object broker/CMakeFiles/cubrid_replay.dir/__/src/base/filesys_temp.cpp.o
[1137/1191] Building CXX object timezones/CMakeFiles/gen_timezone.dir/__/src/executables/generate_timezone.cpp.o
[1138/1191] Building CXX object broker/CMakeFiles/brokeradmin.dir/__/src/broker/broker_filename.c.o
[1139/1191] Building CXX object broker/CMakeFiles/brokeradmin.dir/__/src/broker/shard_metadata.c.o
[1140/1191] Building CXX object broker/CMakeFiles/brokeradmin.dir/__/src/broker/shard_shm.c.o
[1141/1191] Building CXX object broker/CMakeFiles/brokeradmin.dir/__/src/broker/broker_config.c.o
[1142/1191] Building CXX object cm_common/CMakeFiles/cub_jobsa.dir/__/src/cm_common/cm_class_info_sa.c.o
[1143/1191] Building CXX object cm_common/CMakeFiles/cub_sainfo.dir/__/src/cm_common/cm_class_info_sa.c.o
[1144/1191] Building CXX object broker/CMakeFiles/brokeradmin.dir/__/src/broker/broker_admin_pub.c.o
[1145/1191] Building CXX object broker/CMakeFiles/cub_cas.dir/__/src/broker/cas_execute.c.o
[1146/1191] Building CXX object cm_common/CMakeFiles/cmdep.dir/__/src/cm_common/cm_dep_tasks.c.o
[1147/1191] Linking CXX shared library cs/libcubridcs.so.11.5
[1148/1191] Creating library symlink cs/libcubridcs.so
[1149/1191] Linking CXX static library broker/libcas_common_lib.a
[1150/1191] Linking CXX executable bin/broker_log_converter
[1151/1191] Linking CXX executable bin/broker_log_runner
[1152/1191] Linking CXX executable bin/cub_commdb
[1153/1191] Linking CXX executable bin/broker_log_top
[1154/1191] Linking CXX shared library broker/libbrokeradmin.so.11.5
[1155/1191] Linking CXX executable bin/gateway_monitor
[1156/1191] Linking CXX executable bin/broker_monitor
[1157/1191] Linking CXX executable bin/cubrid_replay
[1158/1191] Linking CXX shared library cm_common/libcmdep.so.11.5
[1159/1191] Linking CXX executable bin/cubrid_gateway
[1160/1191] Creating library symlink broker/libbrokeradmin.so
[1161/1191] Creating library symlink cm_common/libcmdep.so
[1162/1191] Linking CXX static library broker/libcas_cgw_lib.a
[1163/1191] Linking CXX executable bin/broker_tester
[1164/1191] Linking CXX executable bin/cub_broker
[1165/1191] Linking CXX executable bin/cub_master
[1166/1191] Linking CXX executable bin/cub_gateway
[1167/1191] Linking CXX executable bin/cub_proxy
[1168/1191] Linking CXX executable bin/broker_changer
[1169/1191] Linking CXX executable bin/cubrid_broker
[1170/1191] Linking CXX shared library cm_common/libcmstat.so.11.5
[1171/1191] Creating library symlink cm_common/libcmstat.so
[1172/1191] Linking CXX executable bin/cub_cas
[1173/1191] Linking CXX executable bin/cub_cas_cgw
[1174/1191] Linking CXX shared library sa/libcubridsa.so.11.5
[1175/1191] Creating library symlink sa/libcubridsa.so
[1176/1191] Linking CXX executable bin/cub_admin
[1177/1191] Linking CXX executable bin/csql
[1178/1191] Linking CXX executable bin/cubrid_rel
[1179/1191] Linking CXX executable bin/gen_timezone
[1180/1191] Linking CXX executable bin/cub_sainfo
[1181/1191] Linking CXX executable bin/cub_jobsa
[1182/1191] Linking CXX executable bin/cubrid
[1183/1191] Linking CXX executable bin/cub_pl
[1184/1191] Linking CXX executable bin/loadjava
[1185/1191] Linking CXX shared library cubrid/libcubrid.so.11.5
[1186/1191] Creating library symlink cubrid/libcubrid.so
[1187/1191] Linking CXX executable bin/unittests_area
[1188/1191] Linking CXX executable bin/cub_server
[1189/1191] Linking CXX executable bin/unittests_bit
[1190/1191] Linking CXX executable bin/unittests_snapshot
[1191/1191] Linking CXX executable bin/unittests_lf
[1/3] Running utility command for pl_install_jdk
[INFO] Install JDK 8
[2/3] Running utility command for pl_build
> Task :pl_server:generateGrammarSource UP-TO-DATE
> Task :pl_server:compileJava UP-TO-DATE
> Task :pl_server:processResources UP-TO-DATE
> Task :pl_server:classes UP-TO-DATE
> Task :pl_server:jar UP-TO-DATE
> Task :pl_server:startScripts UP-TO-DATE
> Task :pl_server:distTar UP-TO-DATE
> Task :pl_server:distZip UP-TO-DATE
> Task :pl_server:assemble UP-TO-DATE
> Task :pl_server:check
> Task :pl_server:build

BUILD SUCCESSFUL in 592ms
7 actionable tasks: 7 up-to-date
[2/3] Install the project...
-- Install configuration: "Debug"
-- Up-to-date: /home/cubrid/dev/cubrid-workmem/build_x86_64_debug/_install/CUBRID/vm/pl_server.jar
-- Up-to-date: /home/cubrid/dev/cubrid-workmem/build_x86_64_debug/_install/CUBRID/vm/logging.properties
-- Up-to-date: /home/cubrid/dev/cubrid-workmem/build_x86_64_debug/_install/CUBRID/vm/jdk8
-- Up-to-date: /home/cubrid/dev/cubrid-workmem/build_x86_64_debug/_install/CUBRID/vm/jdk8/release
-- Up-to-date: /home/cubrid/dev/cubrid-workmem/build_x86_64_debug/_install/CUBRID/vm/jdk8/LICENSE
-- Up-to-date: /home/cubrid/dev/cubrid-workmem/build_x86_64_debug/_install/CUBRID/vm/jdk8/lib
-- Up-to-date: /home/cubrid/dev/cubrid-workmem/build_x86_64_debug/_install/CUBRID/vm/jdk8/lib/dt.jar
-- Up-to-date: /home/cubrid/dev/cubrid-workmem/build_x86_64_debug/_install/CUBRID/vm/jdk8/lib/jconsole.jar
-- Up-to-date: /home/cubrid/dev/cubrid-workmem/build_x86_64_debug/_install/CUBRID/vm/jdk8/lib/ct.sym
-- Up-to-date: /home/cubrid/dev/cubrid-workmem/build_x86_64_debug/_install/CUBRID/vm/jdk8/lib/amd64
-- Up-to-date: /home/cubrid/dev/cubrid-workmem/build_x86_64_debug/_install/CUBRID/vm/jdk8/lib/amd64/jli
-- Up-to-date: /home/cubrid/dev/cubrid-workmem/build_x86_64_debug/_install/CUBRID/vm/jdk8/lib/amd64/jli/libjli.so
-- Up-to-date: /home/cubrid/dev/cubrid-workmem/build_x86_64_debug/_install/CUBRID/vm/jdk8/lib/amd64/libjawt.so
-- Up-to-date: /home/cubrid/dev/cubrid-workmem/build_x86_64_debug/_install/CUBRID/vm/jdk8/lib/sa-jdi.jar
-- Up-to-date: /home/cubrid/dev/cubrid-workmem/build_x86_64_debug/_install/CUBRID/vm/jdk8/lib/tools.jar
-- Up-to-date: /home/cubrid/dev/cubrid-workmem/build_x86_64_debug/_install/CUBRID/vm/jdk8/lib/ir.idl
-- Up-to-date: /home/cubrid/dev/cubrid-workmem/build_x86_64_debug/_install/CUBRID/vm/jdk8/lib/orb.idl
-- Up-to-date: /home/cubrid/dev/cubrid-workmem/build_x86_64_debug/_install/CUBRID/vm/jdk8/lib/jexec
-- Up-to-date: /home/cubrid/dev/cubrid-workmem/build_x86_64_debug/_install/CUBRID/vm/jdk8/ASSEMBLY_EXCEPTION
-- Up-to-date: /home/cubrid/dev/cubrid-workmem/build_x86_64_debug/_install/CUBRID/vm/jdk8/bin
-- Up-to-date: /home/cubrid/dev/cubrid-workmem/build_x86_64_debug/_install/CUBRID/vm/jdk8/bin/javah
-- Up-to-date: /home/cubrid/dev/cubrid-workmem/build_x86_64_debug/_install/CUBRID/vm/jdk8/bin/javac
-- Up-to-date: /home/cubrid/dev/cubrid-workmem/build_x86_64_debug/_install/CUBRID/vm/jdk8/bin/jdeps
-- Up-to-date: /home/cubrid/dev/cubrid-workmem/build_x86_64_debug/_install/CUBRID/vm/jdk8/bin/jjs
-- Up-to-date: /home/cubrid/dev/cubrid-workmem/build_x86_64_debug/_install/CUBRID/vm/jdk8/bin/wsgen
-- Up-to-date: /home/cubrid/dev/cubrid-workmem/build_x86_64_debug/_install/CUBRID/vm/jdk8/bin/java
-- Up-to-date: /home/cubrid/dev/cubrid-workmem/build_x86_64_debug/_install/CUBRID/vm/jdk8/bin/jps
-- Up-to-date: /home/cubrid/dev/cubrid-workmem/build_x86_64_debug/_install/CUBRID/vm/jdk8/bin/policytool
-- Up-to-date: /home/cubrid/dev/cubrid-workmem/build_x86_64_debug/_install/CUBRID/vm/jdk8/bin/hsdb
-- Up-to-date: /home/cubrid/dev/cubrid-workmem/build_x86_64_debug/_install/CUBRID/vm/jdk8/bin/native2ascii
-- Up-to-date: /home/cubrid/dev/cubrid-workmem/build_x86_64_debug/_install/CUBRID/vm/jdk8/bin/unpack200
-- Up-to-date: /home/cubrid/dev/cubrid-workmem/build_x86_64_debug/_install/CUBRID/vm/jdk8/bin/jdb
-- Up-to-date: /home/cubrid/dev/cubrid-workmem/build_x86_64_debug/_install/CUBRID/vm/jdk8/bin/javap
-- Up-to-date: /home/cubrid/dev/cubrid-workmem/build_x86_64_debug/_install/CUBRID/vm/jdk8/bin/rmiregistry
-- Up-to-date: /home/cubrid/dev/cubrid-workmem/build_x86_64_debug/_install/CUBRID/vm/jdk8/bin/tnameserv
-- Up-to-date: /home/cubrid/dev/cubrid-workmem/build_x86_64_debug/_install/CUBRID/vm/jdk8/bin/wsimport
-- Up-to-date: /home/cubrid/dev/cubrid-workmem/build_x86_64_debug/_install/CUBRID/vm/jdk8/bin/clhsdb
-- Up-to-date: /home/cubrid/dev/cubrid-workmem/build_x86_64_debug/_install/CUBRID/vm/jdk8/bin/jmap
-- Up-to-date: /home/cubrid/dev/cubrid-workmem/build_x86_64_debug/_install/CUBRID/vm/jdk8/bin/jfr
-- Up-to-date: /home/cubrid/dev/cubrid-workmem/build_x86_64_debug/_install/CUBRID/vm/jdk8/bin/jar
-- Up-to-date: /home/cubrid/dev/cubrid-workmem/build_x86_64_debug/_install/CUBRID/vm/jdk8/bin/jcmd
-- Up-to-date: /home/cubrid/dev/cubrid-workmem/build_x86_64_debug/_install/CUBRID/vm/jdk8/bin/pack200
-- Up-to-date: /home/cubrid/dev/cubrid-workmem/build_x86_64_debug/_install/CUBRID/vm/jdk8/bin/java-rmi.cgi
-- Up-to-date: /home/cubrid/dev/cubrid-workmem/build_x86_64_debug/_install/CUBRID/vm/jdk8/bin/rmid
-- Up-to-date: /home/cubrid/dev/cubrid-workmem/build_x86_64_debug/_install/CUBRID/vm/jdk8/bin/jrunscript
-- Up-to-date: /home/cubrid/dev/cubrid-workmem/build_x86_64_debug/_install/CUBRID/vm/jdk8/bin/jconsole
-- Up-to-date: /home/cubrid/dev/cubrid-workmem/build_x86_64_debug/_install/CUBRID/vm/jdk8/bin/idlj
-- Up-to-date: /home/cubrid/dev/cubrid-workmem/build_x86_64_debug/_install/CUBRID/vm/jdk8/bin/servertool
-- Up-to-date: /home/cubrid/dev/cubrid-workmem/build_x86_64_debug/_install/CUBRID/vm/jdk8/bin/jsadebugd
-- Up-to-date: /home/cubrid/dev/cubrid-workmem/build_x86_64_debug/_install/CUBRID/vm/jdk8/bin/extcheck
-- Up-to-date: /home/cubrid/dev/cubrid-workmem/build_x86_64_debug/_install/CUBRID/vm/jdk8/bin/jstack
-- Up-to-date: /home/cubrid/dev/cubrid-workmem/build_x86_64_debug/_install/CUBRID/vm/jdk8/bin/jstat
-- Up-to-date: /home/cubrid/dev/cubrid-workmem/build_x86_64_debug/_install/CUBRID/vm/jdk8/bin/orbd
-- Up-to-date: /home/cubrid/dev/cubrid-workmem/build_x86_64_debug/_install/CUBRID/vm/jdk8/bin/appletviewer
-- Up-to-date: /home/cubrid/dev/cubrid-workmem/build_x86_64_debug/_install/CUBRID/vm/jdk8/bin/jinfo
-- Up-to-date: /home/cubrid/dev/cubrid-workmem/build_x86_64_debug/_install/CUBRID/vm/jdk8/bin/schemagen
-- Up-to-date: /home/cubrid/dev/cubrid-workmem/build_x86_64_debug/_install/CUBRID/vm/jdk8/bin/keytool
-- Up-to-date: /home/cubrid/dev/cubrid-workmem/build_x86_64_debug/_install/CUBRID/vm/jdk8/bin/javadoc
-- Up-to-date: /home/cubrid/dev/cubrid-workmem/build_x86_64_debug/_install/CUBRID/vm/jdk8/bin/jarsigner
-- Up-to-date: /home/cubrid/dev/cubrid-workmem/build_x86_64_debug/_install/CUBRID/vm/jdk8/bin/xjc
-- Up-to-date: /home/cubrid/dev/cubrid-workmem/build_x86_64_debug/_install/CUBRID/vm/jdk8/bin/rmic
-- Up-to-date: /home/cubrid/dev/cubrid-workmem/build_x86_64_debug/_install/CUBRID/vm/jdk8/bin/jstatd
-- Up-to-date: /home/cubrid/dev/cubrid-workmem/build_x86_64_debug/_install/CUBRID/vm/jdk8/bin/serialver
-- Up-to-date: /home/cubrid/dev/cubrid-workmem/build_x86_64_debug/_install/CUBRID/vm/jdk8/bin/jhat
-- Up-to-date: /home/cubrid/dev/cubrid-workmem/build_x86_64_debug/_install/CUBRID/vm/jdk8/NOTICE
-- Up-to-date: /home/cubrid/dev/cubrid-workmem/build_x86_64_debug/_install/CUBRID/vm/jdk8/THIRD_PARTY_README
-- Up-to-date: /home/cubrid/dev/cubrid-workmem/build_x86_64_debug/_install/CUBRID/vm/jdk8/include
-- Up-to-date: /home/cubrid/dev/cubrid-workmem/build_x86_64_debug/_install/CUBRID/vm/jdk8/include/jawt.h
-- Up-to-date: /home/cubrid/dev/cubrid-workmem/build_x86_64_debug/_install/CUBRID/vm/jdk8/include/jni.h
-- Up-to-date: /home/cubrid/dev/cubrid-workmem/build_x86_64_debug/_install/CUBRID/vm/jdk8/include/jvmti.h
-- Up-to-date: /home/cubrid/dev/cubrid-workmem/build_x86_64_debug/_install/CUBRID/vm/jdk8/include/linux
-- Up-to-date: /home/cubrid/dev/cubrid-workmem/build_x86_64_debug/_install/CUBRID/vm/jdk8/include/linux/jawt_md.h
-- Up-to-date: /home/cubrid/dev/cubrid-workmem/build_x86_64_debug/_install/CUBRID/vm/jdk8/include/linux/jni_md.h
-- Up-to-date: /home/cubrid/dev/cubrid-workmem/build_x86_64_debug/_install/CUBRID/vm/jdk8/include/classfile_constants.h
-- Up-to-date: /home/cubrid/dev/cubrid-workmem/build_x86_64_debug/_install/CUBRID/vm/jdk8/include/jdwpTransport.h
-- Up-to-date: /home/cubrid/dev/cubrid-workmem/build_x86_64_debug/_install/CUBRID/vm/jdk8/include/jvmticmlr.h
-- Up-to-date: /home/cubrid/dev/cubrid-workmem/build_x86_64_debug/_install/CUBRID/vm/jdk8/jre
-- Up-to-date: /home/cubrid/dev/cubrid-workmem/build_x86_64_debug/_install/CUBRID/vm/jdk8/jre/LICENSE
-- Up-to-date: /home/cubrid/dev/cubrid-workmem/build_x86_64_debug/_install/CUBRID/vm/jdk8/jre/lib
-- Up-to-date: /home/cubrid/dev/cubrid-workmem/build_x86_64_debug/_install/CUBRID/vm/jdk8/jre/lib/psfont.properties.ja
-- Up-to-date: /home/cubrid/dev/cubrid-workmem/build_x86_64_debug/_install/CUBRID/vm/jdk8/jre/lib/cmm
-- Up-to-date: /home/cubrid/dev/cubrid-workmem/build_x86_64_debug/_install/CUBRID/vm/jdk8/jre/lib/cmm/sRGB.pf
-- Up-to-date: /home/cubrid/dev/cubrid-workmem/build_x86_64_debug/_install/CUBRID/vm/jdk8/jre/lib/cmm/PYCC.pf
-- Up-to-date: /home/cubrid/dev/cubrid-workmem/build_x86_64_debug/_install/CUBRID/vm/jdk8/jre/lib/cmm/CIEXYZ.pf
-- Up-to-date: /home/cubrid/dev/cubrid-workmem/build_x86_64_debug/_install/CUBRID/vm/jdk8/jre/lib/cmm/GRAY.pf
-- Up-to-date: /home/cubrid/dev/cubrid-workmem/build_x86_64_debug/_install/CUBRID/vm/jdk8/jre/lib/cmm/LINEAR_RGB.pf
-- Up-to-date: /home/cubrid/dev/cubrid-workmem/build_x86_64_debug/_install/CUBRID/vm/jdk8/jre/lib/psfontj2d.properties
-- Up-to-date: /home/cubrid/dev/cubrid-workmem/build_x86_64_debug/_install/CUBRID/vm/jdk8/jre/lib/charsets.jar
-- Up-to-date: /home/cubrid/dev/cubrid-workmem/build_x86_64_debug/_install/CUBRID/vm/jdk8/jre/lib/net.properties
-- Up-to-date: /home/cubrid/dev/cubrid-workmem/build_x86_64_debug/_install/CUBRID/vm/jdk8/jre/lib/jvm.hprof.txt
-- Up-to-date: /home/cubrid/dev/cubrid-workmem/build_x86_64_debug/_install/CUBRID/vm/jdk8/jre/lib/management-agent.jar
-- Up-to-date: /home/cubrid/dev/cubrid-workmem/build_x86_64_debug/_install/CUBRID/vm/jdk8/jre/lib/content-types.properties
-- Up-to-date: /home/cubrid/dev/cubrid-workmem/build_x86_64_debug/_install/CUBRID/vm/jdk8/jre/lib/meta-index
-- Up-to-date: /home/cubrid/dev/cubrid-workmem/build_x86_64_debug/_install/CUBRID/vm/jdk8/jre/lib/calendars.properties
-- Up-to-date: /home/cubrid/dev/cubrid-workmem/build_x86_64_debug/_install/CUBRID/vm/jdk8/jre/lib/jfr.jar
-- Up-to-date: /home/cubrid/dev/cubrid-workmem/build_x86_64_debug/_install/CUBRID/vm/jdk8/jre/lib/amd64
-- Up-to-date: /home/cubrid/dev/cubrid-workmem/build_x86_64_debug/_install/CUBRID/vm/jdk8/jre/lib/amd64/libjpeg.so
-- Up-to-date: /home/cubrid/dev/cubrid-workmem/build_x86_64_debug/_install/CUBRID/vm/jdk8/jre/lib/amd64/libawt_xawt.so
-- Up-to-date: /home/cubrid/dev/cubrid-workmem/build_x86_64_debug/_install/CUBRID/vm/jdk8/jre/lib/amd64/libjsig.so
-- Up-to-date: /home/cubrid/dev/cubrid-workmem/build_x86_64_debug/_install/CUBRID/vm/jdk8/jre/lib/amd64/libj2gss.so
-- Up-to-date: /home/cubrid/dev/cubrid-workmem/build_x86_64_debug/_install/CUBRID/vm/jdk8/jre/lib/amd64/libjaas_unix.so
-- Up-to-date: /home/cubrid/dev/cubrid-workmem/build_x86_64_debug/_install/CUBRID/vm/jdk8/jre/lib/amd64/libunpack.so
-- Up-to-date: /home/cubrid/dev/cubrid-workmem/build_x86_64_debug/_install/CUBRID/vm/jdk8/jre/lib/amd64/jvm.cfg
-- Up-to-date: /home/cubrid/dev/cubrid-workmem/build_x86_64_debug/_install/CUBRID/vm/jdk8/jre/lib/amd64/libmlib_image.so
-- Up-to-date: /home/cubrid/dev/cubrid-workmem/build_x86_64_debug/_install/CUBRID/vm/jdk8/jre/lib/amd64/libawt_headless.so
-- Up-to-date: /home/cubrid/dev/cubrid-workmem/build_x86_64_debug/_install/CUBRID/vm/jdk8/jre/lib/amd64/libmanagement.so
-- Up-to-date: /home/cubrid/dev/cubrid-workmem/build_x86_64_debug/_install/CUBRID/vm/jdk8/jre/lib/amd64/libattach.so
-- Up-to-date: /home/cubrid/dev/cubrid-workmem/build_x86_64_debug/_install/CUBRID/vm/jdk8/jre/lib/amd64/libjava_crw_demo.so
-- Up-to-date: /home/cubrid/dev/cubrid-workmem/build_x86_64_debug/_install/CUBRID/vm/jdk8/jre/lib/amd64/libsaproc.so
-- Up-to-date: /home/cubrid/dev/cubrid-workmem/build_x86_64_debug/_install/CUBRID/vm/jdk8/jre/lib/amd64/libhprof.so
-- Up-to-date: /home/cubrid/dev/cubrid-workmem/build_x86_64_debug/_install/CUBRID/vm/jdk8/jre/lib/amd64/libdt_socket.so
-- Up-to-date: /home/cubrid/dev/cubrid-workmem/build_x86_64_debug/_install/CUBRID/vm/jdk8/jre/lib/amd64/server
-- Up-to-date: /home/cubrid/dev/cubrid-workmem/build_x86_64_debug/_install/CUBRID/vm/jdk8/jre/lib/amd64/server/libjsig.so
-- Up-to-date: /home/cubrid/dev/cubrid-workmem/build_x86_64_debug/_install/CUBRID/vm/jdk8/jre/lib/amd64/server/libjvm.so
-- Up-to-date: /home/cubrid/dev/cubrid-workmem/build_x86_64_debug/_install/CUBRID/vm/jdk8/jre/lib/amd64/server/Xusage.txt
-- Up-to-date: /home/cubrid/dev/cubrid-workmem/build_x86_64_debug/_install/CUBRID/vm/jdk8/jre/lib/amd64/libsunec.so
-- Up-to-date: /home/cubrid/dev/cubrid-workmem/build_x86_64_debug/_install/CUBRID/vm/jdk8/jre/lib/amd64/libnet.so
-- Up-to-date: /home/cubrid/dev/cubrid-workmem/build_x86_64_debug/_install/CUBRID/vm/jdk8/jre/lib/amd64/libj2pcsc.so
-- Up-to-date: /home/cubrid/dev/cubrid-workmem/build_x86_64_debug/_install/CUBRID/vm/jdk8/jre/lib/amd64/libnio.so
-- Up-to-date: /home/cubrid/dev/cubrid-workmem/build_x86_64_debug/_install/CUBRID/vm/jdk8/jre/lib/amd64/libverify.so
-- Up-to-date: /home/cubrid/dev/cubrid-workmem/build_x86_64_debug/_install/CUBRID/vm/jdk8/jre/lib/amd64/libnpt.so
-- Up-to-date: /home/cubrid/dev/cubrid-workmem/build_x86_64_debug/_install/CUBRID/vm/jdk8/jre/lib/amd64/libawt.so
-- Up-to-date: /home/cubrid/dev/cubrid-workmem/build_x86_64_debug/_install/CUBRID/vm/jdk8/jre/lib/amd64/libzip.so
-- Up-to-date: /home/cubrid/dev/cubrid-workmem/build_x86_64_debug/_install/CUBRID/vm/jdk8/jre/lib/amd64/jli
-- Up-to-date: /home/cubrid/dev/cubrid-workmem/build_x86_64_debug/_install/CUBRID/vm/jdk8/jre/lib/amd64/jli/libjli.so
-- Up-to-date: /home/cubrid/dev/cubrid-workmem/build_x86_64_debug/_install/CUBRID/vm/jdk8/jre/lib/amd64/libjdwp.so
-- Up-to-date: /home/cubrid/dev/cubrid-workmem/build_x86_64_debug/_install/CUBRID/vm/jdk8/jre/lib/amd64/libj2pkcs11.so
-- Up-to-date: /home/cubrid/dev/cubrid-workmem/build_x86_64_debug/_install/CUBRID/vm/jdk8/jre/lib/amd64/libsplashscreen.so
-- Up-to-date: /home/cubrid/dev/cubrid-workmem/build_x86_64_debug/_install/CUBRID/vm/jdk8/jre/lib/amd64/libfontmanager.so
-- Up-to-date: /home/cubrid/dev/cubrid-workmem/build_x86_64_debug/_install/CUBRID/vm/jdk8/jre/lib/amd64/libjava.so
-- Up-to-date: /home/cubrid/dev/cubrid-workmem/build_x86_64_debug/_install/CUBRID/vm/jdk8/jre/lib/amd64/libjsdt.so
-- Up-to-date: /home/cubrid/dev/cubrid-workmem/build_x86_64_debug/_install/CUBRID/vm/jdk8/jre/lib/amd64/libjsound.so
-- Up-to-date: /home/cubrid/dev/cubrid-workmem/build_x86_64_debug/_install/CUBRID/vm/jdk8/jre/lib/amd64/liblcms.so
-- Up-to-date: /home/cubrid/dev/cubrid-workmem/build_x86_64_debug/_install/CUBRID/vm/jdk8/jre/lib/amd64/libinstrument.so
-- Up-to-date: /home/cubrid/dev/cubrid-workmem/build_x86_64_debug/_install/CUBRID/vm/jdk8/jre/lib/amd64/libsctp.so
-- Up-to-date: /home/cubrid/dev/cubrid-workmem/build_x86_64_debug/_install/CUBRID/vm/jdk8/jre/lib/amd64/libjsoundalsa.so
-- Up-to-date: /home/cubrid/dev/cubrid-workmem/build_x86_64_debug/_install/CUBRID/vm/jdk8/jre/lib/amd64/libjawt.so
-- Up-to-date: /home/cubrid/dev/cubrid-workmem/build_x86_64_debug/_install/CUBRID/vm/jdk8/jre/lib/jsse.jar
-- Up-to-date: /home/cubrid/dev/cubrid-workmem/build_x86_64_debug/_install/CUBRID/vm/jdk8/jre/lib/jfr
-- Up-to-date: /home/cubrid/dev/cubrid-workmem/build_x86_64_debug/_install/CUBRID/vm/jdk8/jre/lib/jfr/default.jfc
-- Up-to-date: /home/cubrid/dev/cubrid-workmem/build_x86_64_debug/_install/CUBRID/vm/jdk8/jre/lib/jfr/profile.jfc
-- Up-to-date: /home/cubrid/dev/cubrid-workmem/build_x86_64_debug/_install/CUBRID/vm/jdk8/jre/lib/tzdb.dat
-- Up-to-date: /home/cubrid/dev/cubrid-workmem/build_x86_64_debug/_install/CUBRID/vm/jdk8/jre/lib/management
-- Up-to-date: /home/cubrid/dev/cubrid-workmem/build_x86_64_debug/_install/CUBRID/vm/jdk8/jre/lib/management/management.properties
-- Up-to-date: /home/cubrid/dev/cubrid-workmem/build_x86_64_debug/_install/CUBRID/vm/jdk8/jre/lib/management/jmxremote.password.template
-- Up-to-date: /home/cubrid/dev/cubrid-workmem/build_x86_64_debug/_install/CUBRID/vm/jdk8/jre/lib/management/jmxremote.access
-- Up-to-date: /home/cubrid/dev/cubrid-workmem/build_x86_64_debug/_install/CUBRID/vm/jdk8/jre/lib/management/snmp.acl.template
-- Up-to-date: /home/cubrid/dev/cubrid-workmem/build_x86_64_debug/_install/CUBRID/vm/jdk8/jre/lib/classlist
-- Up-to-date: /home/cubrid/dev/cubrid-workmem/build_x86_64_debug/_install/CUBRID/vm/jdk8/jre/lib/images
-- Up-to-date: /home/cubrid/dev/cubrid-workmem/build_x86_64_debug/_install/CUBRID/vm/jdk8/jre/lib/images/cursors
-- Up-to-date: /home/cubrid/dev/cubrid-workmem/build_x86_64_debug/_install/CUBRID/vm/jdk8/jre/lib/images/cursors/motif_LinkNoDrop32x32.gif
-- Up-to-date: /home/cubrid/dev/cubrid-workmem/build_x86_64_debug/_install/CUBRID/vm/jdk8/jre/lib/images/cursors/motif_MoveNoDrop32x32.gif
-- Up-to-date: /home/cubrid/dev/cubrid-workmem/build_x86_64_debug/_install/CUBRID/vm/jdk8/jre/lib/images/cursors/motif_MoveDrop32x32.gif
-- Up-to-date: /home/cubrid/dev/cubrid-workmem/build_x86_64_debug/_install/CUBRID/vm/jdk8/jre/lib/images/cursors/motif_CopyDrop32x32.gif
-- Up-to-date: /home/cubrid/dev/cubrid-workmem/build_x86_64_debug/_install/CUBRID/vm/jdk8/jre/lib/images/cursors/motif_LinkDrop32x32.gif
-- Up-to-date: /home/cubrid/dev/cubrid-workmem/build_x86_64_debug/_install/CUBRID/vm/jdk8/jre/lib/images/cursors/invalid32x32.gif
-- Up-to-date: /home/cubrid/dev/cubrid-workmem/build_x86_64_debug/_install/CUBRID/vm/jdk8/jre/lib/images/cursors/cursors.properties
-- Up-to-date: /home/cubrid/dev/cubrid-workmem/build_x86_64_debug/_install/CUBRID/vm/jdk8/jre/lib/images/cursors/motif_CopyNoDrop32x32.gif
-- Up-to-date: /home/cubrid/dev/cubrid-workmem/build_x86_64_debug/_install/CUBRID/vm/jdk8/jre/lib/sound.properties
-- Up-to-date: /home/cubrid/dev/cubrid-workmem/build_x86_64_debug/_install/CUBRID/vm/jdk8/jre/lib/applet
-- Up-to-date: /home/cubrid/dev/cubrid-workmem/build_x86_64_debug/_install/CUBRID/vm/jdk8/jre/lib/ext
-- Up-to-date: /home/cubrid/dev/cubrid-workmem/build_x86_64_debug/_install/CUBRID/vm/jdk8/jre/lib/ext/cldrdata.jar
-- Up-to-date: /home/cubrid/dev/cubrid-workmem/build_x86_64_debug/_install/CUBRID/vm/jdk8/jre/lib/ext/sunjce_provider.jar
-- Up-to-date: /home/cubrid/dev/cubrid-workmem/build_x86_64_debug/_install/CUBRID/vm/jdk8/jre/lib/ext/localedata.jar
-- Up-to-date: /home/cubrid/dev/cubrid-workmem/build_x86_64_debug/_install/CUBRID/vm/jdk8/jre/lib/ext/meta-index
-- Up-to-date: /home/cubrid/dev/cubrid-workmem/build_x86_64_debug/_install/CUBRID/vm/jdk8/jre/lib/ext/sunec.jar
-- Up-to-date: /home/cubrid/dev/cubrid-workmem/build_x86_64_debug/_install/CUBRID/vm/jdk8/jre/lib/ext/zipfs.jar
-- Up-to-date: /home/cubrid/dev/cubrid-workmem/build_x86_64_debug/_install/CUBRID/vm/jdk8/jre/lib/ext/dnsns.jar
-- Up-to-date: /home/cubrid/dev/cubrid-workmem/build_x86_64_debug/_install/CUBRID/vm/jdk8/jre/lib/ext/nashorn.jar
-- Up-to-date: /home/cubrid/dev/cubrid-workmem/build_x86_64_debug/_install/CUBRID/vm/jdk8/jre/lib/ext/jaccess.jar
-- Up-to-date: /home/cubrid/dev/cubrid-workmem/build_x86_64_debug/_install/CUBRID/vm/jdk8/jre/lib/ext/sunpkcs11.jar
-- Up-to-date: /home/cubrid/dev/cubrid-workmem/build_x86_64_debug/_install/CUBRID/vm/jdk8/jre/lib/flavormap.properties
-- Up-to-date: /home/cubrid/dev/cubrid-workmem/build_x86_64_debug/_install/CUBRID/vm/jdk8/jre/lib/resources.jar
-- Up-to-date: /home/cubrid/dev/cubrid-workmem/build_x86_64_debug/_install/CUBRID/vm/jdk8/jre/lib/hijrah-config-umalqura.properties
-- Up-to-date: /home/cubrid/dev/cubrid-workmem/build_x86_64_debug/_install/CUBRID/vm/jdk8/jre/lib/jce.jar
-- Up-to-date: /home/cubrid/dev/cubrid-workmem/build_x86_64_debug/_install/CUBRID/vm/jdk8/jre/lib/currency.data
-- Up-to-date: /home/cubrid/dev/cubrid-workmem/build_x86_64_debug/_install/CUBRID/vm/jdk8/jre/lib/jexec
-- Up-to-date: /home/cubrid/dev/cubrid-workmem/build_x86_64_debug/_install/CUBRID/vm/jdk8/jre/lib/security
-- Up-to-date: /home/cubrid/dev/cubrid-workmem/build_x86_64_debug/_install/CUBRID/vm/jdk8/jre/lib/security/cacerts
-- Up-to-date: /home/cubrid/dev/cubrid-workmem/build_x86_64_debug/_install/CUBRID/vm/jdk8/jre/lib/security/blacklisted.certs
-- Up-to-date: /home/cubrid/dev/cubrid-workmem/build_x86_64_debug/_install/CUBRID/vm/jdk8/jre/lib/security/java.security
-- Up-to-date: /home/cubrid/dev/cubrid-workmem/build_x86_64_debug/_install/CUBRID/vm/jdk8/jre/lib/security/java.policy
-- Up-to-date: /home/cubrid/dev/cubrid-workmem/build_x86_64_debug/_install/CUBRID/vm/jdk8/jre/lib/security/policy
-- Up-to-date: /home/cubrid/dev/cubrid-workmem/build_x86_64_debug/_install/CUBRID/vm/jdk8/jre/lib/security/policy/unlimited
-- Up-to-date: /home/cubrid/dev/cubrid-workmem/build_x86_64_debug/_install/CUBRID/vm/jdk8/jre/lib/security/policy/unlimited/US_export_policy.jar
-- Up-to-date: /home/cubrid/dev/cubrid-workmem/build_x86_64_debug/_install/CUBRID/vm/jdk8/jre/lib/security/policy/unlimited/local_policy.jar
-- Up-to-date: /home/cubrid/dev/cubrid-workmem/build_x86_64_debug/_install/CUBRID/vm/jdk8/jre/lib/security/policy/limited
-- Up-to-date: /home/cubrid/dev/cubrid-workmem/build_x86_64_debug/_install/CUBRID/vm/jdk8/jre/lib/security/policy/limited/US_export_policy.jar
-- Up-to-date: /home/cubrid/dev/cubrid-workmem/build_x86_64_debug/_install/CUBRID/vm/jdk8/jre/lib/security/policy/limited/local_policy.jar
-- Up-to-date: /home/cubrid/dev/cubrid-workmem/build_x86_64_debug/_install/CUBRID/vm/jdk8/jre/lib/logging.properties
-- Up-to-date: /home/cubrid/dev/cubrid-workmem/build_x86_64_debug/_install/CUBRID/vm/jdk8/jre/lib/rt.jar
-- Up-to-date: /home/cubrid/dev/cubrid-workmem/build_x86_64_debug/_install/CUBRID/vm/jdk8/jre/ASSEMBLY_EXCEPTION
-- Up-to-date: /home/cubrid/dev/cubrid-workmem/build_x86_64_debug/_install/CUBRID/vm/jdk8/jre/bin
-- Up-to-date: /home/cubrid/dev/cubrid-workmem/build_x86_64_debug/_install/CUBRID/vm/jdk8/jre/bin/jjs
-- Up-to-date: /home/cubrid/dev/cubrid-workmem/build_x86_64_debug/_install/CUBRID/vm/jdk8/jre/bin/java
-- Up-to-date: /home/cubrid/dev/cubrid-workmem/build_x86_64_debug/_install/CUBRID/vm/jdk8/jre/bin/policytool
-- Up-to-date: /home/cubrid/dev/cubrid-workmem/build_x86_64_debug/_install/CUBRID/vm/jdk8/jre/bin/unpack200
-- Up-to-date: /home/cubrid/dev/cubrid-workmem/build_x86_64_debug/_install/CUBRID/vm/jdk8/jre/bin/rmiregistry
-- Up-to-date: /home/cubrid/dev/cubrid-workmem/build_x86_64_debug/_install/CUBRID/vm/jdk8/jre/bin/tnameserv
-- Up-to-date: /home/cubrid/dev/cubrid-workmem/build_x86_64_debug/_install/CUBRID/vm/jdk8/jre/bin/pack200
-- Up-to-date: /home/cubrid/dev/cubrid-workmem/build_x86_64_debug/_install/CUBRID/vm/jdk8/jre/bin/rmid
-- Up-to-date: /home/cubrid/dev/cubrid-workmem/build_x86_64_debug/_install/CUBRID/vm/jdk8/jre/bin/servertool
-- Up-to-date: /home/cubrid/dev/cubrid-workmem/build_x86_64_debug/_install/CUBRID/vm/jdk8/jre/bin/orbd
-- Up-to-date: /home/cubrid/dev/cubrid-workmem/build_x86_64_debug/_install/CUBRID/vm/jdk8/jre/bin/keytool
-- Up-to-date: /home/cubrid/dev/cubrid-workmem/build_x86_64_debug/_install/CUBRID/vm/jdk8/jre/THIRD_PARTY_README
-- Installing: /home/cubrid/dev/cubrid-workmem/build_x86_64_debug/_install/CUBRID/lib/libcubridsa.so.11.5
-- Set runtime path of "/home/cubrid/dev/cubrid-workmem/build_x86_64_debug/_install/CUBRID/lib/libcubridsa.so.11.5" to "/home/cubrid/dev/cubrid-workmem/build_x86_64_debug/_install/CUBRID/lib"
-- Up-to-date: /home/cubrid/dev/cubrid-workmem/build_x86_64_debug/_install/CUBRID/lib/libcubridsa.so
-- Installing: /home/cubrid/dev/cubrid-workmem/build_x86_64_debug/_install/CUBRID/lib/libcubridcs.so.11.5
-- Set runtime path of "/home/cubrid/dev/cubrid-workmem/build_x86_64_debug/_install/CUBRID/lib/libcubridcs.so.11.5" to "/home/cubrid/dev/cubrid-workmem/build_x86_64_debug/_install/CUBRID/lib"
-- Up-to-date: /home/cubrid/dev/cubrid-workmem/build_x86_64_debug/_install/CUBRID/lib/libcubridcs.so
-- Installing: /home/cubrid/dev/cubrid-workmem/build_x86_64_debug/_install/CUBRID/lib/libcubrid.so.11.5
-- Set runtime path of "/home/cubrid/dev/cubrid-workmem/build_x86_64_debug/_install/CUBRID/lib/libcubrid.so.11.5" to "/home/cubrid/dev/cubrid-workmem/build_x86_64_debug/_install/CUBRID/lib"
-- Up-to-date: /home/cubrid/dev/cubrid-workmem/build_x86_64_debug/_install/CUBRID/lib/libcubrid.so
-- Up-to-date: /home/cubrid/dev/cubrid-workmem/build_x86_64_debug/_install/CUBRID/include/dbi.h
-- Up-to-date: /home/cubrid/dev/cubrid-workmem/build_x86_64_debug/_install/CUBRID/include/dbtran_def.h
-- Up-to-date: /home/cubrid/dev/cubrid-workmem/build_x86_64_debug/_install/CUBRID/include/dbtype_def.h
-- Up-to-date: /home/cubrid/dev/cubrid-workmem/build_x86_64_debug/_install/CUBRID/include/db_set_function.h
-- Up-to-date: /home/cubrid/dev/cubrid-workmem/build_x86_64_debug/_install/CUBRID/include/dbtype_function.h
-- Up-to-date: /home/cubrid/dev/cubrid-workmem/build_x86_64_debug/_install/CUBRID/include/db_date.h
-- Up-to-date: /home/cubrid/dev/cubrid-workmem/build_x86_64_debug/_install/CUBRID/include/db_elo.h
-- Up-to-date: /home/cubrid/dev/cubrid-workmem/build_x86_64_debug/_install/CUBRID/include/cache_time.h
-- Up-to-date: /home/cubrid/dev/cubrid-workmem/build_x86_64_debug/_install/CUBRID/include/error_code.h
-- Up-to-date: /home/cubrid/dev/cubrid-workmem/build_x86_64_debug/_install/CUBRID/include/cubrid_log.h
-- Up-to-date: /home/cubrid/dev/cubrid-workmem/build_x86_64_debug/_install/CUBRID/include/cm_stat.h
-- Installing: /home/cubrid/dev/cubrid-workmem/build_x86_64_debug/_install/CUBRID/bin/csql
-- Set runtime path of "/home/cubrid/dev/cubrid-workmem/build_x86_64_debug/_install/CUBRID/bin/csql" to "/home/cubrid/dev/cubrid-workmem/build_x86_64_debug/_install/CUBRID/lib"
-- Installing: /home/cubrid/dev/cubrid-workmem/build_x86_64_debug/_install/CUBRID/bin/cub_master
-- Set runtime path of "/home/cubrid/dev/cubrid-workmem/build_x86_64_debug/_install/CUBRID/bin/cub_master" to "/home/cubrid/dev/cubrid-workmem/build_x86_64_debug/_install/CUBRID/lib"
-- Installing: /home/cubrid/dev/cubrid-workmem/build_x86_64_debug/_install/CUBRID/bin/cub_server
-- Set runtime path of "/home/cubrid/dev/cubrid-workmem/build_x86_64_debug/_install/CUBRID/bin/cub_server" to "/home/cubrid/dev/cubrid-workmem/build_x86_64_debug/_install/CUBRID/lib"
-- Installing: /home/cubrid/dev/cubrid-workmem/build_x86_64_debug/_install/CUBRID/bin/cubrid
-- Set runtime path of "/home/cubrid/dev/cubrid-workmem/build_x86_64_debug/_install/CUBRID/bin/cubrid" to "/home/cubrid/dev/cubrid-workmem/build_x86_64_debug/_install/CUBRID/lib"
-- Installing: /home/cubrid/dev/cubrid-workmem/build_x86_64_debug/_install/CUBRID/bin/cub_commdb
-- Set runtime path of "/home/cubrid/dev/cubrid-workmem/build_x86_64_debug/_install/CUBRID/bin/cub_commdb" to "/home/cubrid/dev/cubrid-workmem/build_x86_64_debug/_install/CUBRID/lib"
-- Installing: /home/cubrid/dev/cubrid-workmem/build_x86_64_debug/_install/CUBRID/bin/cubrid_rel
-- Set runtime path of "/home/cubrid/dev/cubrid-workmem/build_x86_64_debug/_install/CUBRID/bin/cubrid_rel" to "/home/cubrid/dev/cubrid-workmem/build_x86_64_debug/_install/CUBRID/lib"
-- Installing: /home/cubrid/dev/cubrid-workmem/build_x86_64_debug/_install/CUBRID/bin/loadjava
-- Set runtime path of "/home/cubrid/dev/cubrid-workmem/build_x86_64_debug/_install/CUBRID/bin/loadjava" to "/home/cubrid/dev/cubrid-workmem/build_x86_64_debug/_install/CUBRID/lib"
-- Installing: /home/cubrid/dev/cubrid-workmem/build_x86_64_debug/_install/CUBRID/bin/cub_pl
-- Set runtime path of "/home/cubrid/dev/cubrid-workmem/build_x86_64_debug/_install/CUBRID/bin/cub_pl" to "/home/cubrid/dev/cubrid-workmem/build_x86_64_debug/_install/CUBRID/lib"
-- Installing: /home/cubrid/dev/cubrid-workmem/build_x86_64_debug/_install/CUBRID/bin/cub_admin
-- Set runtime path of "/home/cubrid/dev/cubrid-workmem/build_x86_64_debug/_install/CUBRID/bin/cub_admin" to "/home/cubrid/dev/cubrid-workmem/build_x86_64_debug/_install/CUBRID/lib"
-- Installing: /home/cubrid/dev/cubrid-workmem/build_x86_64_debug/_install/CUBRID/cci/lib/libcascci.so.11.2
-- Set runtime path of "/home/cubrid/dev/cubrid-workmem/build_x86_64_debug/_install/CUBRID/cci/lib/libcascci.so.11.2" to "/home/cubrid/dev/cubrid-workmem/build_x86_64_debug/_install/CUBRID/lib"
-- Up-to-date: /home/cubrid/dev/cubrid-workmem/build_x86_64_debug/_install/CUBRID/cci/lib/libcascci.so
-- Up-to-date: /home/cubrid/dev/cubrid-workmem/build_x86_64_debug/_install/CUBRID/cci/include/cas_cci.h
-- Up-to-date: /home/cubrid/dev/cubrid-workmem/build_x86_64_debug/_install/CUBRID/cci/include/compat_dbtran_def.h
-- Up-to-date: /home/cubrid/dev/cubrid-workmem/build_x86_64_debug/_install/CUBRID/cci/include/broker_cas_error.h
-- Up-to-date: /home/cubrid/dev/cubrid-workmem/build_x86_64_debug/_install/CUBRID/include/cas_cci.h
-- Up-to-date: /home/cubrid/dev/cubrid-workmem/build_x86_64_debug/_install/CUBRID/include/broker_cas_error.h
-- Up-to-date: /home/cubrid/dev/cubrid-workmem/build_x86_64_debug/_install/CUBRID/include/compat_dbtran_def.h
-- Up-to-date: /home/cubrid/dev/cubrid-workmem/build_x86_64_debug/_install/CUBRID/lib/libcascci.so
-- Up-to-date: /home/cubrid/dev/cubrid-workmem/build_x86_64_debug/_install/CUBRID/lib/libcascci.so.11.2
-- Installing: /home/cubrid/dev/cubrid-workmem/build_x86_64_debug/_install/CUBRID/bin/cci_applier
-- Set runtime path of "/home/cubrid/dev/cubrid-workmem/build_x86_64_debug/_install/CUBRID/bin/cci_applier" to "/home/cubrid/dev/cubrid-workmem/build_x86_64_debug/_install/CUBRID/lib"
-- Installing: /home/cubrid/dev/cubrid-workmem/build_x86_64_debug/_install/CUBRID/bin/broker_log_converter
-- Set runtime path of "/home/cubrid/dev/cubrid-workmem/build_x86_64_debug/_install/CUBRID/bin/broker_log_converter" to "/home/cubrid/dev/cubrid-workmem/build_x86_64_debug/_install/CUBRID/lib"
-- Installing: /home/cubrid/dev/cubrid-workmem/build_x86_64_debug/_install/CUBRID/bin/broker_log_runner
-- Set runtime path of "/home/cubrid/dev/cubrid-workmem/build_x86_64_debug/_install/CUBRID/bin/broker_log_runner" to "/home/cubrid/dev/cubrid-workmem/build_x86_64_debug/_install/CUBRID/lib"
-- Installing: /home/cubrid/dev/cubrid-workmem/build_x86_64_debug/_install/CUBRID/bin/broker_tester
-- Set runtime path of "/home/cubrid/dev/cubrid-workmem/build_x86_64_debug/_install/CUBRID/bin/broker_tester" to "/home/cubrid/dev/cubrid-workmem/build_x86_64_debug/_install/CUBRID/lib"
-- Installing: /home/cubrid/dev/cubrid-workmem/build_x86_64_debug/_install/CUBRID/bin/cubrid_replay
-- Set runtime path of "/home/cubrid/dev/cubrid-workmem/build_x86_64_debug/_install/CUBRID/bin/cubrid_replay" to "/home/cubrid/dev/cubrid-workmem/build_x86_64_debug/_install/CUBRID/lib"
-- Installing: /home/cubrid/dev/cubrid-workmem/build_x86_64_debug/_install/CUBRID/bin/cub_broker
-- Set runtime path of "/home/cubrid/dev/cubrid-workmem/build_x86_64_debug/_install/CUBRID/bin/cub_broker" to "/home/cubrid/dev/cubrid-workmem/build_x86_64_debug/_install/CUBRID/lib"
-- Installing: /home/cubrid/dev/cubrid-workmem/build_x86_64_debug/_install/CUBRID/bin/cub_gateway
-- Set runtime path of "/home/cubrid/dev/cubrid-workmem/build_x86_64_debug/_install/CUBRID/bin/cub_gateway" to "/home/cubrid/dev/cubrid-workmem/build_x86_64_debug/_install/CUBRID/lib"
-- Installing: /home/cubrid/dev/cubrid-workmem/build_x86_64_debug/_install/CUBRID/bin/broker_monitor
-- Set runtime path of "/home/cubrid/dev/cubrid-workmem/build_x86_64_debug/_install/CUBRID/bin/broker_monitor" to "/home/cubrid/dev/cubrid-workmem/build_x86_64_debug/_install/CUBRID/lib"
-- Installing: /home/cubrid/dev/cubrid-workmem/build_x86_64_debug/_install/CUBRID/bin/gateway_monitor
-- Set runtime path of "/home/cubrid/dev/cubrid-workmem/build_x86_64_debug/_install/CUBRID/bin/gateway_monitor" to "/home/cubrid/dev/cubrid-workmem/build_x86_64_debug/_install/CUBRID/lib"
-- Installing: /home/cubrid/dev/cubrid-workmem/build_x86_64_debug/_install/CUBRID/bin/broker_changer
-- Set runtime path of "/home/cubrid/dev/cubrid-workmem/build_x86_64_debug/_install/CUBRID/bin/broker_changer" to "/home/cubrid/dev/cubrid-workmem/build_x86_64_debug/_install/CUBRID/lib"
-- Installing: /home/cubrid/dev/cubrid-workmem/build_x86_64_debug/_install/CUBRID/bin/cubrid_broker
-- Set runtime path of "/home/cubrid/dev/cubrid-workmem/build_x86_64_debug/_install/CUBRID/bin/cubrid_broker" to "/home/cubrid/dev/cubrid-workmem/build_x86_64_debug/_install/CUBRID/lib"
-- Installing: /home/cubrid/dev/cubrid-workmem/build_x86_64_debug/_install/CUBRID/bin/cubrid_gateway
-- Set runtime path of "/home/cubrid/dev/cubrid-workmem/build_x86_64_debug/_install/CUBRID/bin/cubrid_gateway" to "/home/cubrid/dev/cubrid-workmem/build_x86_64_debug/_install/CUBRID/lib"
-- Installing: /home/cubrid/dev/cubrid-workmem/build_x86_64_debug/_install/CUBRID/bin/cub_cas
-- Set runtime path of "/home/cubrid/dev/cubrid-workmem/build_x86_64_debug/_install/CUBRID/bin/cub_cas" to "/home/cubrid/dev/cubrid-workmem/build_x86_64_debug/_install/CUBRID/lib"
-- Installing: /home/cubrid/dev/cubrid-workmem/build_x86_64_debug/_install/CUBRID/bin/cub_cas_cgw
-- Set runtime path of "/home/cubrid/dev/cubrid-workmem/build_x86_64_debug/_install/CUBRID/bin/cub_cas_cgw" to "/home/cubrid/dev/cubrid-workmem/build_x86_64_debug/_install/CUBRID/lib"
-- Installing: /home/cubrid/dev/cubrid-workmem/build_x86_64_debug/_install/CUBRID/bin/cub_proxy
-- Set runtime path of "/home/cubrid/dev/cubrid-workmem/build_x86_64_debug/_install/CUBRID/bin/cub_proxy" to "/home/cubrid/dev/cubrid-workmem/build_x86_64_debug/_install/CUBRID/lib"
-- Up-to-date: /home/cubrid/dev/cubrid-workmem/build_x86_64_debug/_install/CUBRID/include/shard_key.h
-- Installing: /home/cubrid/dev/cubrid-workmem/build_x86_64_debug/_install/CUBRID/bin/broker_log_top
-- Set runtime path of "/home/cubrid/dev/cubrid-workmem/build_x86_64_debug/_install/CUBRID/bin/broker_log_top" to "/home/cubrid/dev/cubrid-workmem/build_x86_64_debug/_install/CUBRID/lib"
-- Installing: /home/cubrid/dev/cubrid-workmem/build_x86_64_debug/_install/CUBRID/lib/libbrokeradmin.so.11.5
-- Set runtime path of "/home/cubrid/dev/cubrid-workmem/build_x86_64_debug/_install/CUBRID/lib/libbrokeradmin.so.11.5" to "/home/cubrid/dev/cubrid-workmem/build_x86_64_debug/_install/CUBRID/lib"
-- Up-to-date: /home/cubrid/dev/cubrid-workmem/build_x86_64_debug/_install/CUBRID/lib/libbrokeradmin.so
-- Installing: /home/cubrid/dev/cubrid-workmem/build_x86_64_debug/_install/CUBRID/lib/libcmstat.so.11.5
-- Set runtime path of "/home/cubrid/dev/cubrid-workmem/build_x86_64_debug/_install/CUBRID/lib/libcmstat.so.11.5" to "/home/cubrid/dev/cubrid-workmem/build_x86_64_debug/_install/CUBRID/lib"
-- Up-to-date: /home/cubrid/dev/cubrid-workmem/build_x86_64_debug/_install/CUBRID/lib/libcmstat.so
-- Installing: /home/cubrid/dev/cubrid-workmem/build_x86_64_debug/_install/CUBRID/lib/libcmdep.so.11.5
-- Set runtime path of "/home/cubrid/dev/cubrid-workmem/build_x86_64_debug/_install/CUBRID/lib/libcmdep.so.11.5" to "/home/cubrid/dev/cubrid-workmem/build_x86_64_debug/_install/CUBRID/lib"
-- Up-to-date: /home/cubrid/dev/cubrid-workmem/build_x86_64_debug/_install/CUBRID/lib/libcmdep.so
-- Installing: /home/cubrid/dev/cubrid-workmem/build_x86_64_debug/_install/CUBRID/bin/cub_jobsa
-- Set runtime path of "/home/cubrid/dev/cubrid-workmem/build_x86_64_debug/_install/CUBRID/bin/cub_jobsa" to "/home/cubrid/dev/cubrid-workmem/build_x86_64_debug/_install/CUBRID/lib"
-- Installing: /home/cubrid/dev/cubrid-workmem/build_x86_64_debug/_install/CUBRID/bin/cub_sainfo
-- Set runtime path of "/home/cubrid/dev/cubrid-workmem/build_x86_64_debug/_install/CUBRID/bin/cub_sainfo" to "/home/cubrid/dev/cubrid-workmem/build_x86_64_debug/_install/CUBRID/lib"
-- Installing: /home/cubrid/dev/cubrid-workmem/build_x86_64_debug/_install/CUBRID/conf/cubrid.conf
-- Up-to-date: /home/cubrid/dev/cubrid-workmem/build_x86_64_debug/_install/CUBRID/conf/cubrid.conf.large
-- Up-to-date: /home/cubrid/dev/cubrid-workmem/build_x86_64_debug/_install/CUBRID/conf/cubrid.conf.small
-- Up-to-date: /home/cubrid/dev/cubrid-workmem/build_x86_64_debug/_install/CUBRID/conf/cubrid_broker.conf
-- Up-to-date: /home/cubrid/dev/cubrid-workmem/build_x86_64_debug/_install/CUBRID/conf/cubrid_broker.conf.shard
-- Up-to-date: /home/cubrid/dev/cubrid-workmem/build_x86_64_debug/_install/CUBRID/conf/cubrid_gateway.conf
-- Up-to-date: /home/cubrid/dev/cubrid-workmem/build_x86_64_debug/_install/CUBRID/conf/cubrid_ha.conf
-- Up-to-date: /home/cubrid/dev/cubrid-workmem/build_x86_64_debug/_install/CUBRID/conf/cubrid_hosts.conf
-- Up-to-date: /home/cubrid/dev/cubrid-workmem/build_x86_64_debug/_install/CUBRID/conf/shard_connection.txt
-- Up-to-date: /home/cubrid/dev/cubrid-workmem/build_x86_64_debug/_install/CUBRID/conf/shard_key.txt
-- Up-to-date: /home/cubrid/dev/cubrid-workmem/build_x86_64_debug/_install/CUBRID/conf/cubrid_locales.all.txt
-- Up-to-date: /home/cubrid/dev/cubrid-workmem/build_x86_64_debug/_install/CUBRID/conf/cubrid_locales.txt
-- Up-to-date: /home/cubrid/dev/cubrid-workmem/build_x86_64_debug/_install/CUBRID/conf/cas_ssl_cert.crt
-- Up-to-date: /home/cubrid/dev/cubrid-workmem/build_x86_64_debug/_install/CUBRID/conf/cas_ssl_cert.key
-- Up-to-date: /home/cubrid/dev/cubrid-workmem/build_x86_64_debug/_install/CUBRID/msg/en_US.utf8
-- Up-to-date: /home/cubrid/dev/cubrid-workmem/build_x86_64_debug/_install/CUBRID/msg/en_US.utf8/utils.msg
-- Up-to-date: /home/cubrid/dev/cubrid-workmem/build_x86_64_debug/_install/CUBRID/msg/en_US.utf8/cubrid.msg
-- Up-to-date: /home/cubrid/dev/cubrid-workmem/build_x86_64_debug/_install/CUBRID/msg/en_US.utf8/csql.msg
-- Up-to-date: /home/cubrid/dev/cubrid-workmem/build_x86_64_debug/_install/CUBRID/msg/en_US.utf8
-- Installing: /home/cubrid/dev/cubrid-workmem/build_x86_64_debug/_install/CUBRID/msg/en_US.utf8/utils.cat
-- Installing: /home/cubrid/dev/cubrid-workmem/build_x86_64_debug/_install/CUBRID/msg/en_US.utf8/cubrid.cat
-- Installing: /home/cubrid/dev/cubrid-workmem/build_x86_64_debug/_install/CUBRID/msg/en_US.utf8/csql.cat
-- Up-to-date: /home/cubrid/dev/cubrid-workmem/build_x86_64_debug/_install/CUBRID/msg/en_US
-- Up-to-date: /home/cubrid/dev/cubrid-workmem/build_x86_64_debug/_install/CUBRID/msg/en_US/csql.msg
-- Up-to-date: /home/cubrid/dev/cubrid-workmem/build_x86_64_debug/_install/CUBRID/msg/en_US/cubrid.msg
-- Up-to-date: /home/cubrid/dev/cubrid-workmem/build_x86_64_debug/_install/CUBRID/msg/en_US/utils.msg
-- Up-to-date: /home/cubrid/dev/cubrid-workmem/build_x86_64_debug/_install/CUBRID/msg/en_US
-- Installing: /home/cubrid/dev/cubrid-workmem/build_x86_64_debug/_install/CUBRID/msg/en_US/csql.cat
-- Installing: /home/cubrid/dev/cubrid-workmem/build_x86_64_debug/_install/CUBRID/msg/en_US/cubrid.cat
-- Installing: /home/cubrid/dev/cubrid-workmem/build_x86_64_debug/_install/CUBRID/msg/en_US/utils.cat
-- Up-to-date: /home/cubrid/dev/cubrid-workmem/build_x86_64_debug/_install/CUBRID/msg/ko_KR.utf8
-- Up-to-date: /home/cubrid/dev/cubrid-workmem/build_x86_64_debug/_install/CUBRID/msg/ko_KR.utf8/cubrid.msg
-- Up-to-date: /home/cubrid/dev/cubrid-workmem/build_x86_64_debug/_install/CUBRID/msg/ko_KR.utf8/utils.msg
-- Up-to-date: /home/cubrid/dev/cubrid-workmem/build_x86_64_debug/_install/CUBRID/msg/ko_KR.utf8/csql.msg
-- Up-to-date: /home/cubrid/dev/cubrid-workmem/build_x86_64_debug/_install/CUBRID/msg/ko_KR.utf8
-- Installing: /home/cubrid/dev/cubrid-workmem/build_x86_64_debug/_install/CUBRID/msg/ko_KR.utf8/cubrid.cat
-- Installing: /home/cubrid/dev/cubrid-workmem/build_x86_64_debug/_install/CUBRID/msg/ko_KR.utf8/csql.cat
-- Installing: /home/cubrid/dev/cubrid-workmem/build_x86_64_debug/_install/CUBRID/msg/ko_KR.utf8/utils.cat
-- Up-to-date: /home/cubrid/dev/cubrid-workmem/build_x86_64_debug/_install/CUBRID/msg/ko_KR.euckr
-- Up-to-date: /home/cubrid/dev/cubrid-workmem/build_x86_64_debug/_install/CUBRID/msg/ko_KR.euckr/csql.msg
-- Up-to-date: /home/cubrid/dev/cubrid-workmem/build_x86_64_debug/_install/CUBRID/msg/ko_KR.euckr/utils.msg
-- Up-to-date: /home/cubrid/dev/cubrid-workmem/build_x86_64_debug/_install/CUBRID/msg/ko_KR.euckr/cubrid.msg
-- Up-to-date: /home/cubrid/dev/cubrid-workmem/build_x86_64_debug/_install/CUBRID/msg/ko_KR.euckr
-- Installing: /home/cubrid/dev/cubrid-workmem/build_x86_64_debug/_install/CUBRID/msg/ko_KR.euckr/cubrid.cat
-- Installing: /home/cubrid/dev/cubrid-workmem/build_x86_64_debug/_install/CUBRID/msg/ko_KR.euckr/csql.cat
-- Installing: /home/cubrid/dev/cubrid-workmem/build_x86_64_debug/_install/CUBRID/msg/ko_KR.euckr/utils.cat
-- Up-to-date: /home/cubrid/dev/cubrid-workmem/build_x86_64_debug/_install/CUBRID/demo/demodb_objects
-- Up-to-date: /home/cubrid/dev/cubrid-workmem/build_x86_64_debug/_install/CUBRID/demo/demodb_schema
-- Up-to-date: /home/cubrid/dev/cubrid-workmem/build_x86_64_debug/_install/CUBRID/demo/make_cubrid_demo.sh
-- Up-to-date: /home/cubrid/dev/cubrid-workmem/build_x86_64_debug/_install/CUBRID/share/init.d/cubrid-ha
-- Up-to-date: /home/cubrid/dev/cubrid-workmem/build_x86_64_debug/_install/CUBRID/share/init.d/cubrid
-- Up-to-date: /home/cubrid/dev/cubrid-workmem/build_x86_64_debug/_install/CUBRID/share/scripts/check_reserved.sql
-- Up-to-date: /home/cubrid/dev/cubrid-workmem/build_x86_64_debug/_install/CUBRID/share/scripts/broker_log_top.py
-- Up-to-date: /home/cubrid/dev/cubrid-workmem/build_x86_64_debug/_install/CUBRID/share/scripts/brokerstatus_to_csv.py
-- Up-to-date: /home/cubrid/dev/cubrid-workmem/build_x86_64_debug/_install/CUBRID/share/scripts/statdump_to_csv.py
-- Up-to-date: /home/cubrid/dev/cubrid-workmem/build_x86_64_debug/_install/CUBRID/share/scripts/ha/ha_make_slavedb.sh
-- Up-to-date: /home/cubrid/dev/cubrid-workmem/build_x86_64_debug/_install/CUBRID/share/scripts/ha/VERSION
-- Up-to-date: /home/cubrid/dev/cubrid-workmem/build_x86_64_debug/_install/CUBRID/share/scripts/ha/README
-- Up-to-date: /home/cubrid/dev/cubrid-workmem/build_x86_64_debug/_install/CUBRID/share/scripts/ha/functions/ha_check_environment.sh
-- Up-to-date: /home/cubrid/dev/cubrid-workmem/build_x86_64_debug/_install/CUBRID/share/scripts/ha/functions/ha_check_script.sh
-- Up-to-date: /home/cubrid/dev/cubrid-workmem/build_x86_64_debug/_install/CUBRID/share/scripts/ha/expect/scp_from.exp
-- Up-to-date: /home/cubrid/dev/cubrid-workmem/build_x86_64_debug/_install/CUBRID/share/scripts/ha/expect/scp_to.exp
-- Up-to-date: /home/cubrid/dev/cubrid-workmem/build_x86_64_debug/_install/CUBRID/share/scripts/ha/expect/ssh.exp
-- Up-to-date: /home/cubrid/dev/cubrid-workmem/build_x86_64_debug/_install/CUBRID/share/scripts/ha/common/common.sh
-- Up-to-date: /home/cubrid/dev/cubrid-workmem/build_x86_64_debug/_install/CUBRID/share/systemtap/tapset/cubrid_func.stp
-- Up-to-date: /home/cubrid/dev/cubrid-workmem/build_x86_64_debug/_install/CUBRID/share/systemtap/tapset/scripts/buffer_access.stp
-- Up-to-date: /home/cubrid/dev/cubrid-workmem/build_x86_64_debug/_install/CUBRID/share/systemtap/tapset/scripts/global_time.stp
-- Up-to-date: /home/cubrid/dev/cubrid-workmem/build_x86_64_debug/_install/CUBRID/share/systemtap/tapset/scripts/io_stat.stp
-- Up-to-date: /home/cubrid/dev/cubrid-workmem/build_x86_64_debug/_install/CUBRID/share/systemtap/tapset/scripts/lock_time.stp
-- Up-to-date: /home/cubrid/dev/cubrid-workmem/build_x86_64_debug/_install/CUBRID/share/systemtap/tapset/scripts/obj_access.stp
-- Up-to-date: /home/cubrid/dev/cubrid-workmem/build_x86_64_debug/_install/CUBRID/share/systemtap/tapset/scripts/query_time.stp
-- Up-to-date: /home/cubrid/dev/cubrid-workmem/build_x86_64_debug/_install/CUBRID/share/systemtap/tapset/scripts/transaction.stp
-- Up-to-date: /home/cubrid/dev/cubrid-workmem/build_x86_64_debug/_install/CUBRID/share/systemtap/tapset/scripts/topcallstack_helper.stp
-- Up-to-date: /home/cubrid/dev/cubrid-workmem/build_x86_64_debug/_install/CUBRID/share/systemtap/tapset/scripts/get_file_line.sh
-- Up-to-date: /home/cubrid/dev/cubrid-workmem/build_x86_64_debug/_install/CUBRID/share/systemtap/tapset/scripts/topcallstack
-- Up-to-date: /home/cubrid/dev/cubrid-workmem/build_x86_64_debug/_install/CUBRID/share/scripts/setup.sh
-- Up-to-date: /home/cubrid/dev/cubrid-workmem/build_x86_64_debug/_install/CUBRID/share/scripts/cubrid.sh
-- Up-to-date: /home/cubrid/dev/cubrid-workmem/build_x86_64_debug/_install/CUBRID/share/scripts/cubrid.csh
-- Up-to-date: /home/cubrid/dev/cubrid-workmem/build_x86_64_debug/_install/CUBRID/share/scripts/unloaddb.sh
-- Up-to-date: /home/cubrid/dev/cubrid-workmem/build_x86_64_debug/_install/CUBRID/share/scripts/restore_to_newdb.sh
-- Up-to-date: /home/cubrid/dev/cubrid-workmem/build_x86_64_debug/_install/CUBRID/share/scripts/check_index_ovfps.sh
-- Up-to-date: /home/cubrid/dev/cubrid-workmem/build_x86_64_debug/_install/CUBRID/bin/make_locale.sh
-- Up-to-date: /home/cubrid/dev/cubrid-workmem/build_x86_64_debug/_install/CUBRID/locales/loclib/build_locale.sh
-- Up-to-date: /home/cubrid/dev/cubrid-workmem/build_x86_64_debug/_install/CUBRID/locales/data
-- Up-to-date: /home/cubrid/dev/cubrid-workmem/build_x86_64_debug/_install/CUBRID/locales/data/codepages
-- Up-to-date: /home/cubrid/dev/cubrid-workmem/build_x86_64_debug/_install/CUBRID/locales/data/codepages/8859-1.TXT
-- Up-to-date: /home/cubrid/dev/cubrid-workmem/build_x86_64_debug/_install/CUBRID/locales/data/codepages/8859-15.TXT
-- Up-to-date: /home/cubrid/dev/cubrid-workmem/build_x86_64_debug/_install/CUBRID/locales/data/codepages/8859-9.TXT
-- Up-to-date: /home/cubrid/dev/cubrid-workmem/build_x86_64_debug/_install/CUBRID/locales/data/codepages/CP1250.TXT
-- Up-to-date: /home/cubrid/dev/cubrid-workmem/build_x86_64_debug/_install/CUBRID/locales/data/codepages/CP1258.TXT
-- Up-to-date: /home/cubrid/dev/cubrid-workmem/build_x86_64_debug/_install/CUBRID/locales/data/codepages/CP932.TXT
-- Up-to-date: /home/cubrid/dev/cubrid-workmem/build_x86_64_debug/_install/CUBRID/locales/data/codepages/CP936.TXT
-- Up-to-date: /home/cubrid/dev/cubrid-workmem/build_x86_64_debug/_install/CUBRID/locales/data/codepages/CP949.TXT
-- Up-to-date: /home/cubrid/dev/cubrid-workmem/build_x86_64_debug/_install/CUBRID/locales/data/ducet.txt
-- Up-to-date: /home/cubrid/dev/cubrid-workmem/build_x86_64_debug/_install/CUBRID/locales/data/ldml
-- Up-to-date: /home/cubrid/dev/cubrid-workmem/build_x86_64_debug/_install/CUBRID/locales/data/ldml/common_collations.xml
-- Up-to-date: /home/cubrid/dev/cubrid-workmem/build_x86_64_debug/_install/CUBRID/locales/data/ldml/cubrid_de_DE.xml
-- Up-to-date: /home/cubrid/dev/cubrid-workmem/build_x86_64_debug/_install/CUBRID/locales/data/ldml/cubrid_es_ES.xml
-- Up-to-date: /home/cubrid/dev/cubrid-workmem/build_x86_64_debug/_install/CUBRID/locales/data/ldml/cubrid_fr_FR.xml
-- Up-to-date: /home/cubrid/dev/cubrid-workmem/build_x86_64_debug/_install/CUBRID/locales/data/ldml/cubrid_it_IT.xml
-- Up-to-date: /home/cubrid/dev/cubrid-workmem/build_x86_64_debug/_install/CUBRID/locales/data/ldml/cubrid_ja_JP.xml
-- Up-to-date: /home/cubrid/dev/cubrid-workmem/build_x86_64_debug/_install/CUBRID/locales/data/ldml/cubrid_km_KH.xml
-- Up-to-date: /home/cubrid/dev/cubrid-workmem/build_x86_64_debug/_install/CUBRID/locales/data/ldml/cubrid_ko_KR.xml
-- Up-to-date: /home/cubrid/dev/cubrid-workmem/build_x86_64_debug/_install/CUBRID/locales/data/ldml/cubrid_ro_RO.xml
-- Up-to-date: /home/cubrid/dev/cubrid-workmem/build_x86_64_debug/_install/CUBRID/locales/data/ldml/cubrid_tr_TR.xml
-- Up-to-date: /home/cubrid/dev/cubrid-workmem/build_x86_64_debug/_install/CUBRID/locales/data/ldml/cubrid_vi_VN.xml
-- Up-to-date: /home/cubrid/dev/cubrid-workmem/build_x86_64_debug/_install/CUBRID/locales/data/ldml/cubrid_zh_CN.xml
-- Up-to-date: /home/cubrid/dev/cubrid-workmem/build_x86_64_debug/_install/CUBRID/locales/data/unicodedata.txt
-- Up-to-date: /home/cubrid/dev/cubrid-workmem/build_x86_64_debug/_install/CUBRID/locales/loclib/locale_lib_common.h
-- Up-to-date: /home/cubrid/dev/cubrid-workmem/build_x86_64_debug/_install/CUBRID/lib/libcubrid_timezones.so.11.5
-- Up-to-date: /home/cubrid/dev/cubrid-workmem/build_x86_64_debug/_install/CUBRID/lib/libcubrid_timezones.so
-- Up-to-date: /home/cubrid/dev/cubrid-workmem/build_x86_64_debug/_install/CUBRID/bin/make_tz.sh
-- Up-to-date: /home/cubrid/dev/cubrid-workmem/build_x86_64_debug/_install/CUBRID/timezones/tzlib/build_tz.sh
-- Up-to-date: /home/cubrid/dev/cubrid-workmem/build_x86_64_debug/_install/CUBRID/timezones/tzdata
-- Up-to-date: /home/cubrid/dev/cubrid-workmem/build_x86_64_debug/_install/CUBRID/timezones/tzdata/africa
-- Up-to-date: /home/cubrid/dev/cubrid-workmem/build_x86_64_debug/_install/CUBRID/timezones/tzdata/antarctica
-- Up-to-date: /home/cubrid/dev/cubrid-workmem/build_x86_64_debug/_install/CUBRID/timezones/tzdata/asia
-- Up-to-date: /home/cubrid/dev/cubrid-workmem/build_x86_64_debug/_install/CUBRID/timezones/tzdata/australasia
-- Up-to-date: /home/cubrid/dev/cubrid-workmem/build_x86_64_debug/_install/CUBRID/timezones/tzdata/backward
-- Up-to-date: /home/cubrid/dev/cubrid-workmem/build_x86_64_debug/_install/CUBRID/timezones/tzdata/etcetera
-- Up-to-date: /home/cubrid/dev/cubrid-workmem/build_x86_64_debug/_install/CUBRID/timezones/tzdata/europe
-- Up-to-date: /home/cubrid/dev/cubrid-workmem/build_x86_64_debug/_install/CUBRID/timezones/tzdata/iso3166.tab
-- Up-to-date: /home/cubrid/dev/cubrid-workmem/build_x86_64_debug/_install/CUBRID/timezones/tzdata/leapseconds
-- Up-to-date: /home/cubrid/dev/cubrid-workmem/build_x86_64_debug/_install/CUBRID/timezones/tzdata/northamerica
-- Up-to-date: /home/cubrid/dev/cubrid-workmem/build_x86_64_debug/_install/CUBRID/timezones/tzdata/pacificnew
-- Up-to-date: /home/cubrid/dev/cubrid-workmem/build_x86_64_debug/_install/CUBRID/timezones/tzdata/southamerica
-- Up-to-date: /home/cubrid/dev/cubrid-workmem/build_x86_64_debug/_install/CUBRID/timezones/tzdata/windowsZones.xml
-- Up-to-date: /home/cubrid/dev/cubrid-workmem/build_x86_64_debug/_install/CUBRID/timezones/tzdata/zone.tab
-- Up-to-date: /home/cubrid/dev/cubrid-workmem/build_x86_64_debug/_install/CUBRID/timezones/tzlib/timezone_lib_common.h
-- Up-to-date: /home/cubrid/dev/cubrid-workmem/build_x86_64_debug/_install/CUBRID/log
-- Up-to-date: /home/cubrid/dev/cubrid-workmem/build_x86_64_debug/_install/CUBRID/var
-- Up-to-date: /home/cubrid/dev/cubrid-workmem/build_x86_64_debug/_install/CUBRID/tmp
-- Up-to-date: /home/cubrid/dev/cubrid-workmem/build_x86_64_debug/_install/CUBRID/databases
-- Up-to-date: /home/cubrid/dev/cubrid-workmem/build_x86_64_debug/_install/CUBRID/var/CUBRID_SOCK
-- Up-to-date: /home/cubrid/dev/cubrid-workmem/build_x86_64_debug/_install/CUBRID/3rdparty
-- Up-to-date: /home/cubrid/dev/cubrid-workmem/build_x86_64_debug/_install/CUBRID/3rdparty/adoptium.temurin_license.txt
-- Up-to-date: /home/cubrid/dev/cubrid-workmem/build_x86_64_debug/_install/CUBRID/3rdparty/adoptium.temurin_license_assembly_exception.txt
-- Up-to-date: /home/cubrid/dev/cubrid-workmem/build_x86_64_debug/_install/CUBRID/3rdparty/libedit_license.txt
-- Up-to-date: /home/cubrid/dev/cubrid-workmem/build_x86_64_debug/_install/CUBRID/3rdparty/libexpat_license.txt
-- Up-to-date: /home/cubrid/dev/cubrid-workmem/build_x86_64_debug/_install/CUBRID/3rdparty/libjansson_license.txt
-- Up-to-date: /home/cubrid/dev/cubrid-workmem/build_x86_64_debug/_install/CUBRID/3rdparty/libodbc_license.txt
-- Up-to-date: /home/cubrid/dev/cubrid-workmem/build_x86_64_debug/_install/CUBRID/3rdparty/libopenssl_license.txt
-- Up-to-date: /home/cubrid/dev/cubrid-workmem/build_x86_64_debug/_install/CUBRID/3rdparty/libtbb_license.txt
-- Up-to-date: /home/cubrid/dev/cubrid-workmem/build_x86_64_debug/_install/CUBRID/3rdparty/lz4_license.txt
-- Up-to-date: /home/cubrid/dev/cubrid-workmem/build_x86_64_debug/_install/CUBRID/3rdparty/rapidjson_license.txt
-- Up-to-date: /home/cubrid/dev/cubrid-workmem/build_x86_64_debug/_install/CUBRID/3rdparty/re2_license.txt
-- Up-to-date: /home/cubrid/dev/cubrid-workmem/build_x86_64_debug/_install/CUBRID/./COPYING
-- Up-to-date: /home/cubrid/dev/cubrid-workmem/build_x86_64_debug/_install/CUBRID/./CREDITS
-- Up-to-date: /home/cubrid/dev/cubrid-workmem/build_x86_64_debug/_install/CUBRID/./README.md
-- Up-to-date: /home/cubrid/dev/cubrid-workmem/build_x86_64_debug/_install/CUBRID/./README_TAR_INSTALL
-- Up-to-date: /home/cubrid/dev/cubrid-workmem/build_x86_64_debug/_install/CUBRID/databases/databases.txt.sample
-- Up-to-date: /home/cubrid/dev/cubrid-workmem/build_x86_64_debug/_install/CUBRID/var/CUBRID_SOCK/README.txt
-- Up-to-date: /home/cubrid/dev/cubrid-workmem/build_x86_64_debug/_install/CUBRID/tmp/README.txt

[2026-06-24 21:51:56] Leaving target [build]

[2026-06-24 21:51:56] Completed

*** Summary ***
  Target [build]
  Version [11.5.0.0000-unknown]
  Build mode [x86_64/debug]
    Configured with [ -DWITH_CCI=true -DCMAKE_BUILD_TYPE=Debug]

